,,,,,,,,,,,,3.14,,-0.66,,,-0.48,,,,,0.41,,,,,,,,,,,,,,,,,,1
,,,,,,,,,,,,3.25,,2.62,,,1.62,,,,,0.61,,,,,,,,,,,,,,,,,,2
,,,,,,,,,,,,4.04,,1.71,,,-0.81,,,,,0.28,,,,,,,,,,,,,,,,,,1
,,,,,,,,,,,,5.76,,2.63,,,2.04,,,,,0.64,,,,,,,,,,,,,,,,,,2
,,,,,,,,,,,,0.3,,0.61,,,0.0,,,,,-0.29,,,,,,,,,,,,,,,,,,1
,,,,,,,,,,,,3.23,,1.0,,,0.56,,,,,-0.83,,,,,,,,,,,,,,,,,,1
,,,,,,,,,,,,0.96,,2.33,,,1.1,,,,,2.28,,,,,,,,,,,,,,,,,,0
,,,,,,,,,,,,-1.04,,1.55,,,-0.07,,,,,-1.18,,,,,,,,,,,,,,,,,,0
,,,,,,,,,,,,1.25,,1.28,,,0.37,,,,,0.8,,,,,,,,,,,,,,,,,,1
,,,,,,,,,,,,-0.02,,-0.94,,,-0.09,,,,,-1.48,,,,,,,,,,,,,,,,,,1
,,,,,,,,,,,,4.82,,3.52,,,0.86,,,,,0.04,,,,,,,,,,,,,,,,,,2
,,,,,,,,,,,,3.4,,1.26,,,-0.7,,,,,0.97,,,,,,,,,,,,,,,,,,2
,,,,,,,,,,,,1.17,,0.67,,,-0.01,,,,,0.3,,,,,,,,,,,,,,,,,,1
,,,,,,,,,,,,3.74,,3.23,,,-0.41,,,,,0.75,,,,,,,,,,,,,,,,,,2
,,,,,,,,,,,,0.85,,1.34,,,0.94,,,,,1.4,,,,,,,,,,,,,,,,,,0
,,,,,,,,,,,,1.01,,-0.64,,,1.13,,,,,-0.72,,,,,,,,,,,,,,,,,,1
,,,,,,,,,,,,2.45,,1.68,,,0.01,,,,,1.04,,,,,,,,,,,,,,,,,,0
,,,,,,,,,,,,1.17,,2.1,,,2.7,,,,,0.62,,,,,,,,,,,,,,,,,,0
,,,,,,,,,,,,4.07,,3.04,,,2.22,,,,,0.18,,,,,,,,,,,,,,,,,,0
,,,,,,,,,,,,0.99,,1.32,,,-0.04,,,,,0.67,,,,,,,,,,,,,,,,,,0
,,,,,,,,,,,,4.11,,3.71,,,0.91,,,,,-0.39,,,,,,,,,,,,,,,,,,2
,,,,,,,,,,,,0.69,,3.62,,,2.98,,,,,-0.75,,,,,,,,,,,,,,,,,,0
,,,,,,,,,,,,4.18,,0.95,,,0.27,,,,,0.4,,,,,,,,,,,,,,,,,,1
,,,,,,,,,,,,3.52,,2.88,,,1.07,,,,,-1.57,,,,,,,,,,,,,,,,,,0
,,,,,,,,,,,,2.83,,3.92,,,2.7,,,,,-0.6,,,,,,,,,,,,,,,,,,2
,,,,,,,,,,,,3.26,,4.0,,,3.51,,,,,-3.04,,,,,,,,,,,,,,,,,,0
,,,,,,,,,,,,3.0,,2.56,,,-2.09,,,,,-2.67,,,,,,,,,,,,,,,,,,1
,,,,,,,,,,,,5.63,,3.02,,,1.26,,,,,0.37,,,,,,,,,,,,,,,,,,2
,,,,,,,,,,,,3.43,,4.13,,,-0.59,,,,,-0.58,,,,,,,,,,,,,,,,,,0
,,,,,,,,,,,,3.95,,5.91,,,2.68,,,,,1.14,,,,,,,,,,,,,,,,,,2
,,,,,,,,,,,,4.28,,4.76,,,1.5,,,,,-1.08,,,,,,,,,,,,,,,,,,2
,,,,,,,,,,,,3.06,,6.93,,,2.91,,,,,-1.29,,,,,,,,,,,,,,,,,,2
,,,,,,,,,,,,5.88,,0.67,,,0.28,,,,,0.9,,,,,,,,,,,,,,,,,,2
,,,,,,,,,,,,4.31,,5.05,,,0.96,,,,,-0.57,,,,,,,,,,,,,,,,,,2
,,,,,,,,,,,,2.41,,3.72,,,2.17,,,,,-0.39,,,,,,,,,,,,,,,,,,0
,,,,,,,,,,,,3.06,,3.27,,,0.98,,,,,2.68,,,,,,,,,,,,,,,,,,0
,,,,,,,,,,,,3.26,,4.15,,,2.91,,,,,-1.37,,,,,,,,,,,,,,,,,,0
,,,,,,,,,,,,3.48,,4.17,,,1.71,,,,,-1.23,,,,,,,,,,,,,,,,,,0
,,,,,,,,,,,,4.49,,2.25,,,0.22,,,,,0.81,,,,,,,,,,,,,,,,,,2
,,,,,,,,,,,,2.91,,5.85,,,1.65,,,,,-0.62,,,,,,,,,,,,,,,,,,2
,,,,,,,,,,,,5.24,,5.83,,,3.39,,,,,-0.89,,,,,,,,,,,,,,,,,,0
,,,,,,,,,,,,2.48,,1.95,,,-1.19,,,,,-1.15,,,,,,,,,,,,,,,,,,1
,,,,,,,,,,,,4.98,,3.2,,,0.62,,,,,-0.68,,,,,,,,,,,,,,,,,,2
,,,,,,,,,,,,0.91,,5.01,,,0.46,,,,,-0.66,,,,,,,,,,,,,,,,,,0
,,,,,,,,,,,,1.28,,1.71,,,-0.45,,,,,0.54,,,,,,,,,,,,,,,,,,0
,,,,,,,,,,,,4.4,,3.09,,,0.68,,,,,0.92,,,,,,,,,,,,,,,,,,2
,,,,,,,,,,,,5.01,,3.12,,,-1.34,,,,,-0.09,,,,,,,,,,,,,,,,,,2
,,,,,,,,,,,,4.09,,5.58,,,2.3,,,,,-0.06,,,,,,,,,,,,,,,,,,2
,,,,,,,,,,,,2.22,,1.28,,,0.0,,,,,0.09,,,,,,,,,,,,,,,,,,1
,,,,,,,,,,,,1.5,,3.86,,,-0.7,,,,,0.45,,,,,,,,,,,,,,,,,,1
,,,,,,,,,,,,1.79,,4.22,,,3.81,,,,,0.87,,,,,,,,,,,,,,,,,,2
,,,,,,,,,,,,2.58,,3.13,,,1.19,,,,,0.83,,,,,,,,,,,,,,,,,,0
,,,,,,,,,,,,3.9,,4.3,,,1.16,,,,,-0.08,,,,,,,,,,,,,,,,,,2
,,,,,,,,,,,,5.5,,2.86,,,1.39,,,,,-0.46,,,,,,,,,,,,,,,,,,2
,,,,,,,,,,,,4.49,,4.97,,,3.03,,,,,1.46,,,,,,,,,,,,,,,,,,0
,,,,,,,,,,,,5.15,,3.09,,,-0.2,,,,,0.08,,,,,,,,,,,,,,,,,,2
,,,,,,,,,,,,3.39,,2.52,,,-0.99,,,,,-1.72,,,,,,,,,,,,,,,,,,2
,,,,,,,,,,,,4.32,,5.11,,,2.25,,,,,-0.51,,,,,,,,,,,,,,,,,,2
,,,,,,,,,,,,2.59,,-1.01,,,1.29,,,,,-0.63,,,,,,,,,,,,,,,,,,1
,,,,,,,,,,,,5.6,,4.98,,,2.36,,,,,1.95,,,,,,,,,,,,,,,,,,2
,,,,,,,,,,,,1.78,,6.23,,,2.81,,,,,0.72,,,,,,,,,,,,,,,,,,0
,,,,,,,,,,,,5.21,,3.44,,,3.95,,,,,-0.22,,,,,,,,,,,,,,,,,,0
,,,,,,,,,,,,0.71,,2.67,,,-0.63,,,,,1.22,,,,,,,,,,,,,,,,,,1
,,,,,,,,,,,,1.84,,0.98,,,-1.62,,,,,0.79,,,,,,,,,,,,,,,,,,1
,,,,,,,,,,,,4.42,,4.25,,,1.34,,,,,-0.62,,,,,,,,,,,,,,,,,,2
,,,,,,,,,,,,2.33,,6.41,,,3.35,,,,,-2.3,,,,,,,,,,,,,,,,,,0
,,,,,,,,,,,,4.21,,2.84,,,0.29,,,,,-0.45,,,,,,,,,,,,,,,,,,2
,,,,,,,,,,,,4.09,,3.42,,,2.01,,,,,0.07,,,,,,,,,,,,,,,,,,2
,,,,,,,,,,,,3.44,,2.36,,,1.96,,,,,0.29,,,,,,,,,,,,,,,,,,2
,,,,,,,,,,,,1.48,,-0.22,,,2.15,,,,,0.12,,,,,,,,,,,,,,,,,,0
,,,,,,,,,,,,1.42,,5.22,,,1.69,,,,,0.19,,,,,,,,,,,,,,,,,,0
,,,,,,,,,,,,1.19,,0.99,,,0.14,,,,,-1.75,,,,,,,,,,,,,,,,,,0
,,,,,,,,,,,,5.79,,4.72,,,3.24,,,,,0.54,,,,,,,,,,,,,,,,,,2
,,,,,,,,,,,,1.33,,2.33,,,-0.01,,,,,-1.07,,,,,,,,,,,,,,,,,,0
,,,,,,,,,,,,4.21,,1.36,,,0.12,,,,,0.73,,,,,,,,,,,,,,,,,,2
,,,,,,,,,,,,2.91,,-0.32,,,1.27,,,,,0.6,,,,,,,,,,,,,,,,,,1
,,,,,,,,,,,,4.42,,3.98,,,1.4,,,,,-0.95,,,,,,,,,,,,,,,,,,2
,,,,,,,,,,,,3.0,,2.0,,,2.14,,,,,-0.83,,,,,,,,,,,,,,,,,,0
,,,,,,,,,,,,1.72,,2.71,,,1.23,,,,,-0.68,,,,,,,,,,,,,,,,,,0
,,,,,,,,,,,,1.52,,0.8,,,0.27,,,,,0.55,,,,,,,,,,,,,,,,,,1
,,,,,,,,,,,,-1.11,,0.79,,,0.06,,,,,0.58,,,,,,,,,,,,,,,,,,1
,,,,,,,,,,,,1.5,,1.51,,,0.21,,,,,-1.47,,,,,,,,,,,,,,,,,,0
,,,,,,,,,,,,3.52,,2.37,,,-0.18,,,,,0.86,,,,,,,,,,,,,,,,,,1
,,,,,,,,,,,,2.61,,0.31,,,-1.66,,,,,-0.51,,,,,,,,,,,,,,,,,,1
,,,,,,,,,,,,0.54,,2.61,,,1.66,,,,,0.28,,,,,,,,,,,,,,,,,,0
,,,,,,,,,,,,3.66,,2.79,,,2.63,,,,,-0.06,,,,,,,,,,,,,,,,,,0
,,,,,,,,,,,,4.13,,2.54,,,0.44,,,,,1.75,,,,,,,,,,,,,,,,,,2
,,,,,,,,,,,,4.12,,3.24,,,1.26,,,,,0.03,,,,,,,,,,,,,,,,,,2
,,,,,,,,,,,,-0.14,,0.24,,,0.17,,,,,-0.16,,,,,,,,,,,,,,,,,,0
,,,,,,,,,,,,4.29,,0.33,,,0.04,,,,,-2.89,,,,,,,,,,,,,,,,,,1
,,,,,,,,,,,,1.98,,1.86,,,0.14,,,,,-0.23,,,,,,,,,,,,,,,,,,1
,,,,,,,,,,,,1.77,,3.88,,,0.36,,,,,-0.86,,,,,,,,,,,,,,,,,,0
,,,,,,,,,,,,1.02,,2.11,,,0.58,,,,,-0.17,,,,,,,,,,,,,,,,,,1
,,,,,,,,,,,,4.1,,2.58,,,-0.08,,,,,-0.14,,,,,,,,,,,,,,,,,,1
,,,,,,,,,,,,0.36,,1.81,,,0.28,,,,,0.04,,,,,,,,,,,,,,,,,,1
,,,,,,,,,,,,0.11,,1.61,,,1.39,,,,,-0.07,,,,,,,,,,,,,,,,,,1
,,,,,,,,,,,,1.79,,0.48,,,0.94,,,,,-0.16,,,,,,,,,,,,,,,,,,1
,,,,,,,,,,,,1.43,,1.05,,,0.51,,,,,-1.22,,,,,,,,,,,,,,,,,,1
,,,,,,,,,,,,2.11,,1.83,,,-0.3,,,,,-0.05,,,,,,,,,,,,,,,,,,1
,,,,,,,,,,,,1.9,,1.14,,,1.18,,,,,-1.83,,,,,,,,,,,,,,,,,,0
,,,,,,,,,,,,3.39,,4.04,,,3.64,,,,,-0.21,,,,,,,,,,,,,,,,,,0
,,,,,,,,,,,,1.88,,5.25,,,2.05,,,,,-2.86,,,,,,,,,,,,,,,,,,0
,,,,,,,,,,,,-0.28,,1.51,,,1.13,,,,,0.05,,,,,,,,,,,,,,,,,,0
,,,,,,,,,,,,2.3,,1.17,,,-2.3,,,,,-0.12,,,,,,,,,,,,,,,,,,1
,,,,,,,,,,,,0.75,,4.04,,,-0.24,,,,,0.69,,,,,,,,,,,,,,,,,,0
,,,,,,,,,,,,4.88,,3.89,,,5.12,,,,,0.04,,,,,,,,,,,,,,,,,,2
,,,,,,,,,,,,1.32,,0.51,,,-2.25,,,,,-1.05,,,,,,,,,,,,,,,,,,1
,,,,,,,,,,,,1.16,,2.95,,,-0.3,,,,,1.11,,,,,,,,,,,,,,,,,,1
,,,,,,,,,,,,3.61,,2.86,,,0.75,,,,,-0.75,,,,,,,,,,,,,,,,,,2
,,,,,,,,,,,,5.89,,3.64,,,0.92,,,,,1.7,,,,,,,,,,,,,,,,,,2
,,,,,,,,,,,,3.1,,1.76,,,0.58,,,,,0.54,,,,,,,,,,,,,,,,,,1
,,,,,,,,,,,,3.23,,-0.95,,,0.97,,,,,0.64,,,,,,,,,,,,,,,,,,1
,,,,,,,,,,,,1.87,,3.39,,,0.11,,,,,-0.42,,,,,,,,,,,,,,,,,,0
,,,,,,,,,,,,3.02,,2.56,,,2.03,,,,,0.24,,,,,,,,,,,,,,,,,,0
,,,,,,,,,,,,1.39,,2.74,,,3.22,,,,,0.74,,,,,,,,,,,,,,,,,,0
,,,,,,,,,,,,3.95,,5.16,,,4.33,,,,,0.56,,,,,,,,,,,,,,,,,,2
,,,,,,,,,,,,2.37,,3.51,,,1.01,,,,,1.14,,,,,,,,,,,,,,,,,,0
,,,,,,,,,,,,2.81,,6.17,,,1.94,,,,,1.26,,,,,,,,,,,,,,,,,,0
,,,,,,,,,,,,2.32,,5.23,,,2.88,,,,,-0.17,,,,,,,,,,,,,,,,,,2
,,,,,,,,,,,,-1.05,,0.13,,,-1.82,,,,,1.24,,,,,,,,,,,,,,,,,,0
,,,,,,,,,,,,4.78,,3.14,,,1.91,,,,,-0.31,,,,,,,,,,,,,,,,,,2
,,,,,,,,,,,,4.18,,4.28,,,2.74,,,,,-0.12,,,,,,,,,,,,,,,,,,2
,,,,,,,,,,,,1.64,,4.98,,,1.77,,,,,1.88,,,,,,,,,,,,,,,,,,0
,,,,,,,,,,,,3.38,,3.86,,,0.26,,,,,-0.13,,,,,,,,,,,,,,,,,,1
,,,,,,,,,,,,4.39,,1.96,,,0.83,,,,,-1.4,,,,,,,,,,,,,,,,,,1
,,,,,,,,,,,,2.61,,0.89,,,1.11,,,,,-1.68,,,,,,,,,,,,,,,,,,1
,,,,,,,,,,,,4.65,,1.94,,,1.0,,,,,0.92,,,,,,,,,,,,,,,,,,2
,,,,,,,,,,,,5.81,,5.77,,,3.19,,,,,-1.56,,,,,,,,,,,,,,,,,,2
,,,,,,,,,,,,3.8,,5.65,,,2.69,,,,,1.57,,,,,,,,,,,,,,,,,,2
,,,,,,,,,,,,2.63,,4.29,,,3.51,,,,,0.25,,,,,,,,,,,,,,,,,,0
,,,,,,,,,,,,0.83,,0.37,,,-0.75,,,,,1.79,,,,,,,,,,,,,,,,,,0
,,,,,,,,,,,,3.15,,1.0,,,1.26,,,,,2.03,,,,,,,,,,,,,,,,,,2
,,,,,,,,,,,,1.02,,0.51,,,0.6,,,,,-0.32,,,,,,,,,,,,,,,,,,0
,,,,,,,,,,,,2.52,,1.63,,,-0.18,,,,,0.08,,,,,,,,,,,,,,,,,,0
,,,,,,,,,,,,4.84,,4.84,,,2.36,,,,,0.33,,,,,,,,,,,,,,,,,,0
,,,,,,,,,,,,-0.06,,0.01,,,0.24,,,,,-0.28,,,,,,,,,,,,,,,,,,1
,,,,,,,,,,,,0.83,,3.67,,,1.22,,,,,0.14,,,,,,,,,,,,,,,,,,0
,,,,,,,,,,,,1.84,,2.89,,,-0.27,,,,,0.45,,,,,,,,,,,,,,,,,,2
,,,,,,,,,,,,4.08,,6.43,,,3.63,,,,,-0.7,,,,,,,,,,,,,,,,,,2
,,,,,,,,,,,,1.44,,0.66,,,0.57,,,,,0.13,,,,,,,,,,,,,,,,,,1
,,,,,,,,,,,,0.95,,-1.91,,,1.97,,,,,0.3,,,,,,,,,,,,,,,,,,1
,,,,,,,,,,,,2.44,,0.56,,,1.59,,,,,-1.5,,,,,,,,,,,,,,,,,,0
,,,,,,,,,,,,0.61,,1.4,,,1.4,,,,,1.65,,,,,,,,,,,,,,,,,,0
,,,,,,,,,,,,3.33,,1.44,,,-0.96,,,,,-0.52,,,,,,,,,,,,,,,,,,2
,,,,,,,,,,,,1.99,,1.7,,,-0.29,,,,,1.53,,,,,,,,,,,,,,,,,,1
,,,,,,,,,,,,-1.09,,0.3,,,1.62,,,,,-0.44,,,,,,,,,,,,,,,,,,0
,,,,,,,,,,,,0.7,,2.44,,,-0.01,,,,,-0.6,,,,,,,,,,,,,,,,,,0
,,,,,,,,,,,,2.56,,6.12,,,3.82,,,,,-0.68,,,,,,,,,,,,,,,,,,2
,,,,,,,,,,,,6.14,,7.16,,,1.72,,,,,0.51,,,,,,,,,,,,,,,,,,2
,,,,,,,,,,,,3.26,,4.24,,,3.3,,,,,0.71,,,,,,,,,,,,,,,,,,2
,,,,,,,,,,,,4.3,,2.21,,,0.19,,,,,0.58,,,,,,,,,,,,,,,,,,1
,,,,,,,,,,,,3.26,,4.39,,,-0.22,,,,,-0.25,,,,,,,,,,,,,,,,,,2
,,,,,,,,,,,,0.07,,-0.69,,,2.0,,,,,0.67,,,,,,,,,,,,,,,,,,1
,,,,,,,,,,,,2.66,,3.04,,,1.31,,,,,-1.0,,,,,,,,,,,,,,,,,,0
,,,,,,,,,,,,5.1,,5.99,,,1.89,,,,,0.28,,,,,,,,,,,,,,,,,,2
,,,,,,,,,,,,4.77,,4.48,,,1.3,,,,,0.3,,,,,,,,,,,,,,,,,,0
,,,,,,,,,,,,1.7,,0.6,,,2.26,,,,,1.54,,,,,,,,,,,,,,,,,,1
,,,,,,,,,,,,2.94,,1.31,,,1.88,,,,,0.46,,,,,,,,,,,,,,,,,,1
,,,,,,,,,,,,1.57,,3.32,,,0.29,,,,,-1.56,,,,,,,,,,,,,,,,,,1
,,,,,,,,,,,,2.15,,3.92,,,1.76,,,,,-1.14,,,,,,,,,,,,,,,,,,0
,,,,,,,,,,,,0.72,,-0.36,,,1.43,,,,,0.99,,,,,,,,,,,,,,,,,,1
,,,,,,,,,,,,3.99,,5.65,,,1.9,,,,,1.06,,,,,,,,,,,,,,,,,,0
,,,,,,,,,,,,1.95,,5.83,,,2.19,,,,,-1.18,,,,,,,,,,,,,,,,,,0
,,,,,,,,,,,,2.16,,2.73,,,0.46,,,,,1.02,,,,,,,,,,,,,,,,,,0
,,,,,,,,,,,,5.48,,6.16,,,3.46,,,,,0.24,,,,,,,,,,,,,,,,,,2
,,,,,,,,,,,,3.95,,5.21,,,1.83,,,,,-1.04,,,,,,,,,,,,,,,,,,2
,,,,,,,,,,,,2.02,,2.82,,,-0.27,,,,,0.29,,,,,,,,,,,,,,,,,,1
,,,,,,,,,,,,5.64,,7.33,,,2.0,,,,,0.92,,,,,,,,,,,,,,,,,,2
,,,,,,,,,,,,3.54,,4.83,,,-0.17,,,,,-0.91,,,,,,,,,,,,,,,,,,2
,,,,,,,,,,,,0.0,,1.28,,,1.42,,,,,-0.92,,,,,,,,,,,,,,,,,,0
,,,,,,,,,,,,2.58,,3.96,,,0.46,,,,,-0.16,,,,,,,,,,,,,,,,,,0
,,,,,,,,,,,,4.03,,7.25,,,3.51,,,,,0.05,,,,,,,,,,,,,,,,,,0
,,,,,,,,,,,,1.14,,2.17,,,1.84,,,,,-0.36,,,,,,,,,,,,,,,,,,0
,,,,,,,,,,,,-0.74,,1.23,,,-0.83,,,,,1.25,,,,,,,,,,,,,,,,,,1
,,,,,,,,,,,,1.49,,4.23,,,1.08,,,,,1.26,,,,,,,,,,,,,,,,,,0
,,,,,,,,,,,,2.7,,3.56,,,1.23,,,,,1.38,,,,,,,,,,,,,,,,,,0
,,,,,,,,,,,,1.19,,2.05,,,-0.92,,,,,-1.2,,,,,,,,,,,,,,,,,,0
,,,,,,,,,,,,2.83,,2.08,,,-1.4,,,,,0.6,,,,,,,,,,,,,,,,,,2
,,,,,,,,,,,,2.64,,1.54,,,0.26,,,,,-0.65,,,,,,,,,,,,,,,,,,2
,,,,,,,,,,,,3.59,,0.61,,,-0.77,,,,,0.5,,,,,,,,,,,,,,,,,,1
,,,,,,,,,,,,4.08,,5.56,,,1.89,,,,,0.9,,,,,,,,,,,,,,,,,,0
,,,,,,,,,,,,1.63,,1.01,,,-0.48,,,,,-0.11,,,,,,,,,,,,,,,,,,1
,,,,,,,,,,,,-1.02,,0.78,,,0.41,,,,,1.2,,,,,,,,,,,,,,,,,,1
,,,,,,,,,,,,1.4,,-0.88,,,-2.0,,,,,-0.56,,,,,,,,,,,,,,,,,,1
,,,,,,,,,,,,4.44,,5.49,,,1.64,,,,,1.14,,,,,,,,,,,,,,,,,,2
,,,,,,,,,,,,1.18,,1.48,,,1.63,,,,,-0.34,,,,,,,,,,,,,,,,,,1
,,,,,,,,,,,,3.48,,5.55,,,3.38,,,,,0.83,,,,,,,,,,,,,,,,,,0
,,,,,,,,,,,,3.35,,4.4,,,0.85,,,,,-1.37,,,,,,,,,,,,,,,,,,0
,,,,,,,,,,,,1.15,,2.43,,,1.02,,,,,0.71,,,,,,,,,,,,,,,,,,0
,,,,,,,,,,,,0.67,,2.13,,,-0.84,,,,,0.76,,,,,,,,,,,,,,,,,,0
,,,,,,,,,,,,0.73,,-1.21,,,-2.52,,,,,1.16,,,,,,,,,,,,,,,,,,1
,,,,,,,,,,,,3.1,,3.17,,,0.75,,,,,-1.86,,,,,,,,,,,,,,,,,,2
,,,,,,,,,,,,0.15,,0.44,,,1.07,,,,,-2.33,,,,,,,,,,,,,,,,,,0
,,,,,,,,,,,,2.28,,-0.58,,,-1.27,,,,,-0.36,,,,,,,,,,,,,,,,,,1
,,,,,,,,,,,,0.1,,1.53,,,-0.41,,,,,-0.11,,,,,,,,,,,,,,,,,,1
,,,,,,,,,,,,2.61,,-0.42,,,-0.56,,,,,-1.82,,,,,,,,,,,,,,,,,,1
,,,,,,,,,,,,2.15,,2.1,,,0.52,,,,,0.47,,,,,,,,,,,,,,,,,,0
,,,,,,,,,,,,3.24,,4.07,,,1.53,,,,,0.15,,,,,,,,,,,,,,,,,,0
,,,,,,,,,,,,0.0,,-0.74,,,1.02,,,,,-0.51,,,,,,,,,,,,,,,,,,1
,,,,,,,,,,,,5.36,,3.07,,,0.62,,,,,-1.0,,,,,,,,,,,,,,,,,,2
,,,,,,,,,,,,3.05,,1.78,,,1.17,,,,,1.54,,,,,,,,,,,,,,,,,,1
,,,,,,,,,,,,4.59,,4.33,,,2.26,,,,,0.06,,,,,,,,,,,,,,,,,,2
,,,,,,,,,,,,-0.21,,-0.59,,,0.91,,,,,1.0,,,,,,,,,,,,,,,,,,1
,,,,,,,,,,,,-0.09,,-0.15,,,1.38,,,,,1.01,,,,,,,,,,,,,,,,,,1
,,,,,,,,,,,,0.85,,0.92,,,-1.24,,,,,0.77,,,,,,,,,,,,,,,,,,1
,,,,,,,,,,,,1.77,,1.11,,,0.24,,,,,0.25,,,,,,,,,,,,,,,,,,1
,,,,,,,,,,,,-0.93,,0.78,,,0.64,,,,,0.84,,,,,,,,,,,,,,,,,,0
,,,,,,,,,,,,0.96,,0.39,,,-1.07,,,,,1.0,,,,,,,,,,,,,,,,,,1
,,,,,,,,,,,,1.41,,1.24,,,-0.72,,,,,1.51,,,,,,,,,,,,,,,,,,1
,,,,,,,,,,,,5.53,,2.63,,,-0.23,,,,,-0.29,,,,,,,,,,,,,,,,,,2
,,,,,,,,,,,,3.84,,5.42,,,-0.47,,,,,-0.71,,,,,,,,,,,,,,,,,,2
,,,,,,,,,,,,5.16,,5.7,,,1.93,,,,,1.63,,,,,,,,,,,,,,,,,,2
,,,,,,,,,,,,-0.42,,1.73,,,0.88,,,,,-0.36,,,,,,,,,,,,,,,,,,0
,,,,,,,,,,,,-0.41,,3.96,,,2.31,,,,,-1.45,,,,,,,,,,,,,,,,,,0
,,,,,,,,,,,,0.98,,0.65,,,0.08,,,,,-2.58,,,,,,,,,,,,,,,,,,0
,,,,,,,,,,,,-0.42,,1.43,,,0.9,,,,,0.03,,,,,,,,,,,,,,,,,,0
,,,,,,,,,,,,3.59,,3.04,,,-0.65,,,,,1.8,,,,,,,,,,,,,,,,,,1
,,,,,,,,,,,,5.24,,3.77,,,0.43,,,,,-0.22,,,,,,,,,,,,,,,,,,1
,,,,,,,,,,,,4.85,,5.27,,,2.44,,,,,-0.41,,,,,,,,,,,,,,,,,,0
,,,,,,,,,,,,4.82,,2.51,,,-0.56,,,,,-0.41,,,,,,,,,,,,,,,,,,1
,,,,,,,,,,,,1.92,,3.76,,,1.31,,,,,-0.04,,,,,,,,,,,,,,,,,,0
,,,,,,,,,,,,3.57,,3.27,,,1.34,,,,,0.51,,,,,,,,,,,,,,,,,,2
,,,,,,,,,,,,3.42,,4.3,,,3.6,,,,,-0.7,,,,,,,,,,,,,,,,,,0
,,,,,,,,,,,,3.64,,-0.94,,,-0.95,,,,,-1.21,,,,,,,,,,,,,,,,,,1
,,,,,,,,,,,,-0.68,,1.98,,,1.21,,,,,-0.26,,,,,,,,,,,,,,,,,,0
,,,,,,,,,,,,2.84,,1.12,,,0.31,,,,,-0.69,,,,,,,,,,,,,,,,,,0
,,,,,,,,,,,,3.33,,5.12,,,3.93,,,,,-1.24,,,,,,,,,,,,,,,,,,0
,,,,,,,,,,,,4.12,,4.17,,,1.46,,,,,0.69,,,,,,,,,,,,,,,,,,2
,,,,,,,,,,,,3.68,,4.58,,,2.22,,,,,0.12,,,,,,,,,,,,,,,,,,2
,,,,,,,,,,,,4.73,,2.87,,,0.08,,,,,0.62,,,,,,,,,,,,,,,,,,2
,,,,,,,,,,,,5.07,,4.97,,,0.44,,,,,1.25,,,,,,,,,,,,,,,,,,2
,,,,,,,,,,,,0.71,,1.52,,,0.64,,,,,2.19,,,,,,,,,,,,,,,,,,1
,,,,,,,,,,,,0.96,,1.78,,,1.95,,,,,1.56,,,,,,,,,,,,,,,,,,0
,,,,,,,,,,,,3.79,,4.54,,,1.21,,,,,0.41,,,,,,,,,,,,,,,,,,2
,,,,,,,,,,,,0.3,,2.77,,,-0.36,,,,,-1.04,,,,,,,,,,,,,,,,,,0
,,,,,,,,,,,,3.53,,3.01,,,-1.26,,,,,-0.72,,,,,,,,,,,,,,,,,,2
,,,,,,,,,,,,2.57,,3.84,,,2.08,,,,,-0.04,,,,,,,,,,,,,,,,,,2
,,,,,,,,,,,,0.1,,0.64,,,-1.49,,,,,0.44,,,,,,,,,,,,,,,,,,0
,,,,,,,,,,,,0.44,,0.95,,,-0.11,,,,,-0.31,,,,,,,,,,,,,,,,,,1
,,,,,,,,,,,,5.09,,5.44,,,2.48,,,,,1.19,,,,,,,,,,,,,,,,,,2
,,,,,,,,,,,,2.1,,3.61,,,2.1,,,,,0.3,,,,,,,,,,,,,,,,,,0
,,,,,,,,,,,,2.97,,3.63,,,1.19,,,,,0.2,,,,,,,,,,,,,,,,,,2
,,,,,,,,,,,,2.54,,2.02,,,-1.31,,,,,-0.51,,,,,,,,,,,,,,,,,,1
,,,,,,,,,,,,1.17,,2.09,,,-0.28,,,,,1.38,,,,,,,,,,,,,,,,,,1
,,,,,,,,,,,,2.38,,-1.05,,,0.48,,,,,0.45,,,,,,,,,,,,,,,,,,1
,,,,,,,,,,,,2.14,,2.5,,,0.25,,,,,-0.4,,,,,,,,,,,,,,,,,,0
,,,,,,,,,,,,3.95,,0.37,,,-0.24,,,,,-1.75,,,,,,,,,,,,,,,,,,1
,,,,,,,,,,,,-1.32,,-0.38,,,-0.01,,,,,-0.72,,,,,,,,,,,,,,,,,,1
,,,,,,,,,,,,2.4,,6.24,,,2.58,,,,,0.33,,,,,,,,,,,,,,,,,,2
,,,,,,,,,,,,0.61,,1.65,,,0.16,,,,,-0.07,,,,,,,,,,,,,,,,,,0
,,,,,,,,,,,,2.7,,3.14,,,1.78,,,,,-0.53,,,,,,,,,,,,,,,,,,0
,,,,,,,,,,,,5.04,,4.23,,,0.53,,,,,0.31,,,,,,,,,,,,,,,,,,2
,,,,,,,,,,,,2.69,,0.08,,,-0.0,,,,,-2.57,,,,,,,,,,,,,,,,,,1
,,,,,,,,,,,,1.23,,5.04,,,4.09,,,,,0.19,,,,,,,,,,,,,,,,,,0
,,,,,,,,,,,,3.51,,4.66,,,0.95,,,,,1.12,,,,,,,,,,,,,,,,,,0
,,,,,,,,,,,,2.99,,3.68,,,1.77,,,,,0.5,,,,,,,,,,,,,,,,,,0
,,,,,,,,,,,,4.94,,5.79,,,2.45,,,,,1.32,,,,,,,,,,,,,,,,,,2
,,,,,,,,,,,,3.26,,4.85,,,1.78,,,,,-1.03,,,,,,,,,,,,,,,,,,2
,,,,,,,,,,,,1.58,,0.61,,,-0.72,,,,,-1.25,,,,,,,,,,,,,,,,,,1
,,,,,,,,,,,,4.37,,5.59,,,2.89,,,,,-0.8,,,,,,,,,,,,,,,,,,0
,,,,,,,,,,,,1.95,,6.0,,,2.41,,,,,1.08,,,,,,,,,,,,,,,,,,0
,,,,,,,,,,,,3.42,,1.54,,,0.59,,,,,1.06,,,,,,,,,,,,,,,,,,2
,,,,,,,,,,,,3.88,,2.88,,,0.11,,,,,0.11,,,,,,,,,,,,,,,,,,2
,,,,,,,,,,,,2.76,,6.42,,,-0.48,,,,,-0.02,,,,,,,,,,,,,,,,,,2
,,,,,,,,,,,,4.09,,2.71,,,-0.44,,,,,0.58,,,,,,,,,,,,,,,,,,2
,,,,,,,,,,,,1.84,,0.24,,,-0.7,,,,,0.42,,,,,,,,,,,,,,,,,,1
,,,,,,,,,,,,3.07,,2.06,,,0.73,,,,,-0.03,,,,,,,,,,,,,,,,,,1
,,,,,,,,,,,,3.22,,1.68,,,-0.25,,,,,1.1,,,,,,,,,,,,,,,,,,2
,,,,,,,,,,,,3.65,,5.76,,,2.26,,,,,-1.23,,,,,,,,,,,,,,,,,,2
,,,,,,,,,,,,3.25,,2.54,,,2.03,,,,,-0.37,,,,,,,,,,,,,,,,,,2
,,,,,,,,,,,,0.43,,-0.92,,,2.35,,,,,0.17,,,,,,,,,,,,,,,,,,1
,,,,,,,,,,,,4.56,,5.84,,,2.93,,,,,-0.09,,,,,,,,,,,,,,,,,,2
,,,,,,,,,,,,0.8,,0.75,,,0.85,,,,,0.03,,,,,,,,,,,,,,,,,,0
,,,,,,,,,,,,2.97,,1.6,,,-0.58,,,,,-0.53,,,,,,,,,,,,,,,,,,1
,,,,,,,,,,,,5.31,,2.9,,,1.41,,,,,-0.89,,,,,,,,,,,,,,,,,,2
,,,,,,,,,,,,4.35,,2.09,,,0.04,,,,,-0.16,,,,,,,,,,,,,,,,,,2
,,,,,,,,,,,,3.06,,3.99,,,2.05,,,,,2.12,,,,,,,,,,,,,,,,,,2
,,,,,,,,,,,,3.41,,3.66,,,2.45,,,,,0.76,,,,,,,,,,,,,,,,,,0
,,,,,,,,,,,,3.81,,1.99,,,-0.23,,,,,0.1,,,,,,,,,,,,,,,,,,1
,,,,,,,,,,,,4.68,,3.9,,,2.94,,,,,-0.5,,,,,,,,,,,,,,,,,,2
,,,,,,,,,,,,4.78,,2.53,,,1.55,,,,,-1.44,,,,,,,,,,,,,,,,,,2
,,,,,,,,,,,,1.24,,-1.48,,,-0.03,,,,,-0.95,,,,,,,,,,,,,,,,,,1
,,,,,,,,,,,,2.6,,4.03,,,0.93,,,,,1.92,,,,,,,,,,,,,,,,,,0
,,,,,,,,,,,,0.45,,0.45,,,-1.13,,,,,2.0,,,,,,,,,,,,,,,,,,1
,,,,,,,,,,,,2.47,,4.48,,,1.04,,,,,0.84,,,,,,,,,,,,,,,,,,0
,,,,,,,,,,,,2.99,,4.76,,,2.18,,,,,-0.93,,,,,,,,,,,,,,,,,,0
,,,,,,,,,,,,5.41,,5.84,,,2.39,,,,,-1.5,,,,,,,,,,,,,,,,,,2
,,,,,,,,,,,,1.27,,3.34,,,0.6,,,,,-0.57,,,,,,,,,,,,,,,,,,0
,,,,,,,,,,,,1.72,,1.24,,,0.64,,,,,0.07,,,,,,,,,,,,,,,,,,1
,,,,,,,,,,,,4.18,,5.72,,,3.52,,,,,-0.96,,,,,,,,,,,,,,,,,,2
,,,,,,,,,,,,1.66,,1.43,,,0.59,,,,,0.94,,,,,,,,,,,,,,,,,,2
,,,,,,,,,,,,4.64,,2.73,,,-0.25,,,,,0.46,,,,,,,,,,,,,,,,,,2
,,,,,,,,,,,,4.48,,5.67,,,1.56,,,,,-0.63,,,,,,,,,,,,,,,,,,2
,,,,,,,,,,,,3.78,,6.06,,,3.64,,,,,0.85,,,,,,,,,,,,,,,,,,0
,,,,,,,,,,,,3.68,,1.78,,,0.58,,,,,-0.45,,,,,,,,,,,,,,,,,,2
,,,,,,,,,,,,2.56,,4.7,,,0.83,,,,,1.48,,,,,,,,,,,,,,,,,,0
,,,,,,,,,,,,5.21,,3.17,,,2.01,,,,,-1.33,,,,,,,,,,,,,,,,,,2
,,,,,,,,,,,,3.1,,5.71,,,2.01,,,,,-0.59,,,,,,,,,,,,,,,,,,2
,,,,,,,,,,,,3.55,,3.34,,,0.51,,,,,1.76,,,,,,,,,,,,,,,,,,2
,,,,,,,,,,,,1.19,,1.1,,,0.22,,,,,-0.61,,,,,,,,,,,,,,,,,,1
,,,,,,,,,,,,2.91,,2.12,,,-0.46,,,,,-0.99,,,,,,,,,,,,,,,,,,1
,,,,,,,,,,,,1.85,,5.03,,,2.51,,,,,-0.2,,,,,,,,,,,,,,,,,,0
,,,,,,,,,,,,-0.11,,0.58,,,0.57,,,,,-0.8,,,,,,,,,,,,,,,,,,0
,,,,,,,,,,,,3.33,,1.22,,,0.03,,,,,-0.29,,,,,,,,,,,,,,,,,,1
,,,,,,,,,,,,2.23,,3.47,,,1.36,,,,,0.35,,,,,,,,,,,,,,,,,,0
,,,,,,,,,,,,1.74,,4.41,,,3.24,,,,,0.13,,,,,,,,,,,,,,,,,,2
,,,,,,,,,,,,0.06,,2.22,,,1.7,,,,,0.34,,,,,,,,,,,,,,,,,,1
,,,,,,,,,,,,4.13,,0.55,,,-0.22,,,,,0.34,,,,,,,,,,,,,,,,,,1
,,,,,,,,,,,,3.47,,3.65,,,0.4,,,,,-1.6,,,,,,,,,,,,,,,,,,2
,,,,,,,,,,,,2.26,,6.28,,,1.46,,,,,-0.54,,,,,,,,,,,,,,,,,,0
,,,,,,,,,,,,2.72,,2.69,,,-0.46,,,,,0.54,,,,,,,,,,,,,,,,,,2
,,,,,,,,,,,,3.48,,4.33,,,2.57,,,,,1.19,,,,,,,,,,,,,,,,,,0
,,,,,,,,,,,,3.18,,4.92,,,4.05,,,,,0.13,,,,,,,,,,,,,,,,,,2
,,,,,,,,,,,,1.25,,0.45,,,1.3,,,,,1.82,,,,,,,,,,,,,,,,,,0
,,,,,,,,,,,,0.98,,1.53,,,1.17,,,,,-0.53,,,,,,,,,,,,,,,,,,0
,,,,,,,,,,,,4.45,,3.78,,,2.05,,,,,-0.37,,,,,,,,,,,,,,,,,,2
,,,,,,,,,,,,4.3,,2.2,,,1.48,,,,,-1.46,,,,,,,,,,,,,,,,,,2
,,,,,,,,,,,,2.94,,1.27,,,-2.61,,,,,1.09,,,,,,,,,,,,,,,,,,1
,,,,,,,,,,,,3.44,,6.58,,,1.32,,,,,0.27,,,,,,,,,,,,,,,,,,2
,,,,,,,,,,,,2.67,,7.67,,,3.62,,,,,-0.79,,,,,,,,,,,,,,,,,,0
,,,,,,,,,,,,4.46,,4.29,,,1.58,,,,,-1.09,,,,,,,,,,,,,,,,,,2
,,,,,,,,,,,,2.45,,-0.27,,,0.68,,,,,-0.14,,,,,,,,,,,,,,,,,,1
,,,,,,,,,,,,4.87,,3.73,,,3.72,,,,,-0.41,,,,,,,,,,,,,,,,,,2
,,,,,,,,,,,,5.82,,1.13,,,0.37,,,,,0.81,,,,,,,,,,,,,,,,,,2
,,,,,,,,,,,,1.32,,0.98,,,-0.65,,,,,-1.95,,,,,,,,,,,,,,,,,,1
,,,,,,,,,,,,3.08,,7.18,,,3.33,,,,,0.35,,,,,,,,,,,,,,,,,,2
,,,,,,,,,,,,5.84,,4.4,,,2.38,,,,,0.83,,,,,,,,,,,,,,,,,,2
,,,,,,,,,,,,-0.0,,-0.08,,,-0.34,,,,,1.0,,,,,,,,,,,,,,,,,,1
,,,,,,,,,,,,3.37,,1.06,,,-0.78,,,,,-0.24,,,,,,,,,,,,,,,,,,2
,,,,,,,,,,,,0.82,,0.81,,,0.33,,,,,0.53,,,,,,,,,,,,,,,,,,1
,,,,,,,,,,,,-0.78,,-0.15,,,0.62,,,,,-0.96,,,,,,,,,,,,,,,,,,1
,,,,,,,,,,,,3.13,,5.02,,,3.63,,,,,0.34,,,,,,,,,,,,,,,,,,0
,,,,,,,,,,,,1.29,,2.6,,,-0.64,,,,,1.89,,,,,,,,,,,,,,,,,,1
,,,,,,,,,,,,2.28,,2.7,,,3.88,,,,,0.45,,,,,,,,,,,,,,,,,,0
,,,,,,,,,,,,2.61,,4.24,,,0.86,,,,,0.84,,,,,,,,,,,,,,,,,,0
,,,,,,,,,,,,2.55,,2.69,,,0.2,,,,,-0.03,,,,,,,,,,,,,,,,,,0
,,,,,,,,,,,,5.16,,1.3,,,0.71,,,,,0.61,,,,,,,,,,,,,,,,,,1
,,,,,,,,,,,,3.84,,2.57,,,2.04,,,,,-0.98,,,,,,,,,,,,,,,,,,2
,,,,,,,,,,,,1.02,,0.91,,,-0.22,,,,,1.28,,,,,,,,,,,,,,,,,,0
,,,,,,,,,,,,2.95,,1.94,,,0.01,,,,,1.13,,,,,,,,,,,,,,,,,,2
,,,,,,,,,,,,3.54,,4.51,,,1.7,,,,,0.96,,,,,,,,,,,,,,,,,,2
,,,,,,,,,,,,1.39,,4.4,,,1.6,,,,,-1.98,,,,,,,,,,,,,,,,,,0
,,,,,,,,,,,,0.48,,-0.42,,,0.23,,,,,1.16,,,,,,,,,,,,,,,,,,1
,,,,,,,,,,,,4.64,,2.03,,,0.96,,,,,1.5,,,,,,,,,,,,,,,,,,2
,,,,,,,,,,,,-0.36,,1.05,,,-0.57,,,,,0.51,,,,,,,,,,,,,,,,,,1
,,,,,,,,,,,,4.15,,6.44,,,1.91,,,,,-0.65,,,,,,,,,,,,,,,,,,2
,,,,,,,,,,,,0.95,,3.3,,,0.41,,,,,1.03,,,,,,,,,,,,,,,,,,2
,,,,,,,,,,,,2.23,,0.74,,,-0.14,,,,,-1.01,,,,,,,,,,,,,,,,,,1
,,,,,,,,,,,,4.04,,3.13,,,1.52,,,,,-0.34,,,,,,,,,,,,,,,,,,2
,,,,,,,,,,,,4.3,,1.08,,,-0.88,,,,,-1.74,,,,,,,,,,,,,,,,,,1
,,,,,,,,,,,,3.18,,5.4,,,4.26,,,,,-0.93,,,,,,,,,,,,,,,,,,0
,,,,,,,,,,,,2.64,,4.15,,,1.95,,,,,0.93,,,,,,,,,,,,,,,,,,2
,,,,,,,,,,,,0.0,,0.13,,,-0.26,,,,,-0.72,,,,,,,,,,,,,,,,,,0
,,,,,,,,,,,,4.24,,4.9,,,3.11,,,,,-0.29,,,,,,,,,,,,,,,,,,2
,,,,,,,,,,,,4.36,,2.16,,,-0.95,,,,,-1.23,,,,,,,,,,,,,,,,,,2
,,,,,,,,,,,,0.82,,1.72,,,-1.3,,,,,-0.45,,,,,,,,,,,,,,,,,,1
,,,,,,,,,,,,1.1,,0.47,,,1.07,,,,,1.65,,,,,,,,,,,,,,,,,,0
,,,,,,,,,,,,3.46,,1.08,,,-0.28,,,,,0.62,,,,,,,,,,,,,,,,,,1
,,,,,,,,,,,,-0.7,,1.75,,,1.88,,,,,1.29,,,,,,,,,,,,,,,,,,0
,,,,,,,,,,,,2.17,,0.66,,,-1.75,,,,,0.6,,,,,,,,,,,,,,,,,,1
,,,,,,,,,,,,3.67,,4.4,,,1.33,,,,,1.15,,,,,,,,,,,,,,,,,,2
,,,,,,,,,,,,2.48,,3.01,,,0.56,,,,,0.62,,,,,,,,,,,,,,,,,,2
,,,,,,,,,,,,3.7,,1.43,,,-0.2,,,,,0.26,,,,,,,,,,,,,,,,,,1
,,,,,,,,,,,,0.81,,1.31,,,-0.23,,,,,0.36,,,,,,,,,,,,,,,,,,0
,,,,,,,,,,,,4.56,,2.67,,,0.84,,,,,-0.16,,,,,,,,,,,,,,,,,,1
,,,,,,,,,,,,1.14,,3.84,,,0.33,,,,,-2.0,,,,,,,,,,,,,,,,,,0
,,,,,,,,,,,,3.59,,5.27,,,2.5,,,,,0.52,,,,,,,,,,,,,,,,,,2
,,,,,,,,,,,,3.7,,3.18,,,-0.8,,,,,-0.04,,,,,,,,,,,,,,,,,,1
,,,,,,,,,,,,0.28,,1.72,,,0.23,,,,,1.17,,,,,,,,,,,,,,,,,,1
,,,,,,,,,,,,1.99,,2.8,,,0.44,,,,,1.25,,,,,,,,,,,,,,,,,,0
,,,,,,,,,,,,-0.21,,1.14,,,2.41,,,,,0.73,,,,,,,,,,,,,,,,,,0
,,,,,,,,,,,,1.59,,4.42,,,3.04,,,,,-0.61,,,,,,,,,,,,,,,,,,0
,,,,,,,,,,,,4.43,,5.48,,,0.91,,,,,-1.36,,,,,,,,,,,,,,,,,,2
,,,,,,,,,,,,2.18,,2.53,,,2.47,,,,,1.41,,,,,,,,,,,,,,,,,,2
,,,,,,,,,,,,1.13,,1.96,,,1.51,,,,,-0.13,,,,,,,,,,,,,,,,,,1
,,,,,,,,,,,,3.49,,0.76,,,2.0,,,,,1.36,,,,,,,,,,,,,,,,,,1
,,,,,,,,,,,,3.34,,0.69,,,1.79,,,,,-1.24,,,,,,,,,,,,,,,,,,1
,,,,,,,,,,,,-0.97,,2.27,,,1.11,,,,,-1.46,,,,,,,,,,,,,,,,,,0
,,,,,,,,,,,,0.39,,0.44,,,-0.1,,,,,-0.98,,,,,,,,,,,,,,,,,,1
,,,,,,,,,,,,3.81,,5.16,,,0.33,,,,,-0.69,,,,,,,,,,,,,,,,,,2
,,,,,,,,,,,,4.55,,6.65,,,1.04,,,,,1.22,,,,,,,,,,,,,,,,,,2
,,,,,,,,,,,,0.03,,0.19,,,0.33,,,,,-1.22,,,,,,,,,,,,,,,,,,1
,,,,,,,,,,,,3.65,,1.68,,,1.48,,,,,1.39,,,,,,,,,,,,,,,,,,2
,,,,,,,,,,,,3.94,,2.63,,,2.71,,,,,-0.4,,,,,,,,,,,,,,,,,,0
,,,,,,,,,,,,3.21,,4.77,,,3.47,,,,,-0.51,,,,,,,,,,,,,,,,,,0
,,,,,,,,,,,,1.1,,2.96,,,0.03,,,,,1.16,,,,,,,,,,,,,,,,,,1
,,,,,,,,,,,,3.54,,2.06,,,0.73,,,,,-0.27,,,,,,,,,,,,,,,,,,1
,,,,,,,,,,,,3.36,,-0.79,,,-0.07,,,,,-0.09,,,,,,,,,,,,,,,,,,1
,,,,,,,,,,,,1.32,,4.88,,,2.96,,,,,0.44,,,,,,,,,,,,,,,,,,0
,,,,,,,,,,,,1.52,,4.16,,,0.25,,,,,-0.28,,,,,,,,,,,,,,,,,,2
,,,,,,,,,,,,0.97,,0.26,,,0.38,,,,,-0.34,,,,,,,,,,,,,,,,,,1
,,,,,,,,,,,,3.55,,1.92,,,-1.05,,,,,1.09,,,,,,,,,,,,,,,,,,1
,,,,,,,,,,,,2.34,,-0.17,,,-0.47,,,,,0.22,,,,,,,,,,,,,,,,,,1
,,,,,,,,,,,,2.82,,-0.46,,,-1.57,,,,,-0.75,,,,,,,,,,,,,,,,,,1
,,,,,,,,,,,,-0.09,,0.79,,,0.57,,,,,-0.23,,,,,,,,,,,,,,,,,,0
,,,,,,,,,,,,6.16,,2.91,,,1.73,,,,,0.12,,,,,,,,,,,,,,,,,,2
,,,,,,,,,,,,2.26,,2.03,,,1.66,,,,,0.77,,,,,,,,,,,,,,,,,,0
,,,,,,,,,,,,4.5,,4.37,,,0.73,,,,,0.21,,,,,,,,,,,,,,,,,,2
,,,,,,,,,,,,4.56,,5.7,,,1.91,,,,,-0.42,,,,,,,,,,,,,,,,,,2
,,,,,,,,,,,,1.49,,2.16,,,0.58,,,,,-1.43,,,,,,,,,,,,,,,,,,1
,,,,,,,,,,,,4.67,,4.6,,,1.64,,,,,0.99,,,,,,,,,,,,,,,,,,2
,,,,,,,,,,,,1.16,,1.67,,,0.04,,,,,0.04,,,,,,,,,,,,,,,,,,1
,,,,,,,,,,,,2.32,,1.82,,,0.73,,,,,-0.35,,,,,,,,,,,,,,,,,,1
,,,,,,,,,,,,1.29,,0.39,,,0.15,,,,,-0.58,,,,,,,,,,,,,,,,,,1
,,,,,,,,,,,,3.61,,2.65,,,3.12,,,,,-2.64,,,,,,,,,,,,,,,,,,2
,,,,,,,,,,,,-0.35,,0.63,,,0.2,,,,,-0.52,,,,,,,,,,,,,,,,,,1
,,,,,,,,,,,,3.42,,1.36,,,0.76,,,,,-0.86,,,,,,,,,,,,,,,,,,2
,,,,,,,,,,,,3.27,,1.36,,,-0.11,,,,,1.28,,,,,,,,,,,,,,,,,,1
,,,,,,,,,,,,1.74,,0.42,,,-0.32,,,,,-0.28,,,,,,,,,,,,,,,,,,1
,,,,,,,,,,,,1.08,,1.98,,,0.78,,,,,0.67,,,,,,,,,,,,,,,,,,0
,,,,,,,,,,,,4.35,,5.6,,,2.34,,,,,1.28,,,,,,,,,,,,,,,,,,2
,,,,,,,,,,,,2.59,,5.0,,,1.72,,,,,0.42,,,,,,,,,,,,,,,,,,0
,,,,,,,,,,,,3.0,,4.69,,,0.7,,,,,-0.06,,,,,,,,,,,,,,,,,,2
,,,,,,,,,,,,2.1,,0.88,,,0.95,,,,,-0.82,,,,,,,,,,,,,,,,,,1
,,,,,,,,,,,,0.16,,2.1,,,2.59,,,,,-0.12,,,,,,,,,,,,,,,,,,0
,,,,,,,,,,,,0.04,,-0.07,,,-1.35,,,,,1.41,,,,,,,,,,,,,,,,,,1
,,,,,,,,,,,,4.21,,5.86,,,2.1,,,,,0.86,,,,,,,,,,,,,,,,,,0
,,,,,,,,,,,,0.89,,-1.58,,,-1.98,,,,,0.43,,,,,,,,,,,,,,,,,,1
,,,,,,,,,,,,5.65,,0.93,,,0.8,,,,,1.1,,,,,,,,,,,,,,,,,,1
,,,,,,,,,,,,3.38,,1.72,,,0.61,,,,,-0.36,,,,,,,,,,,,,,,,,,1
,,,,,,,,,,,,3.08,,3.96,,,1.33,,,,,-0.39,,,,,,,,,,,,,,,,,,2
,,,,,,,,,,,,3.62,,4.26,,,0.74,,,,,1.06,,,,,,,,,,,,,,,,,,2
,,,,,,,,,,,,1.21,,-0.08,,,0.95,,,,,0.57,,,,,,,,,,,,,,,,,,0
,,,,,,,,,,,,3.6,,6.15,,,2.29,,,,,-0.88,,,,,,,,,,,,,,,,,,2
,,,,,,,,,,,,2.87,,5.99,,,3.29,,,,,0.01,,,,,,,,,,,,,,,,,,2
,,,,,,,,,,,,3.19,,3.11,,,1.75,,,,,1.03,,,,,,,,,,,,,,,,,,0
,,,,,,,,,,,,3.73,,3.11,,,2.38,,,,,-0.62,,,,,,,,,,,,,,,,,,0
,,,,,,,,,,,,3.98,,5.57,,,2.85,,,,,-0.19,,,,,,,,,,,,,,,,,,0
,,,,,,,,,,,,2.27,,4.4,,,3.11,,,,,0.81,,,,,,,,,,,,,,,,,,0
,,,,,,,,,,,,5.37,,1.17,,,-0.12,,,,,-1.03,,,,,,,,,,,,,,,,,,2
,,,,,,,,,,,,6.17,,1.33,,,3.42,,,,,0.1,,,,,,,,,,,,,,,,,,2
,,,,,,,,,,,,4.64,,5.09,,,1.03,,,,,0.02,,,,,,,,,,,,,,,,,,2
,,,,,,,,,,,,4.14,,4.38,,,2.24,,,,,-0.37,,,,,,,,,,,,,,,,,,2
,,,,,,,,,,,,1.66,,1.07,,,-1.1,,,,,-0.75,,,,,,,,,,,,,,,,,,1
,,,,,,,,,,,,1.01,,-0.33,,,-0.25,,,,,1.23,,,,,,,,,,,,,,,,,,0
,,,,,,,,,,,,1.55,,0.62,,,0.88,,,,,-0.36,,,,,,,,,,,,,,,,,,1
,,,,,,,,,,,,2.51,,2.3,,,-0.97,,,,,0.09,,,,,,,,,,,,,,,,,,1
,,,,,,,,,,,,3.03,,2.85,,,-0.42,,,,,-1.23,,,,,,,,,,,,,,,,,,1
,,,,,,,,,,,,4.79,,5.17,,,1.92,,,,,-0.15,,,,,,,,,,,,,,,,,,2
,,,,,,,,,,,,1.6,,-0.65,,,-0.23,,,,,0.89,,,,,,,,,,,,,,,,,,0
,,,,,,,,,,,,4.51,,6.04,,,3.83,,,,,0.2,,,,,,,,,,,,,,,,,,2
,,,,,,,,,,,,2.74,,5.4,,,4.07,,,,,-0.05,,,,,,,,,,,,,,,,,,2
,,,,,,,,,,,,1.53,,-0.84,,,0.33,,,,,0.85,,,,,,,,,,,,,,,,,,1
,,,,,,,,,,,,4.23,,3.92,,,0.61,,,,,0.88,,,,,,,,,,,,,,,,,,2
,,,,,,,,,,,,-0.18,,1.41,,,-0.22,,,,,-0.18,,,,,,,,,,,,,,,,,,1
,,,,,,,,,,,,0.07,,2.79,,,-1.1,,,,,-0.76,,,,,,,,,,,,,,,,,,0
,,,,,,,,,,,,5.89,,4.84,,,1.92,,,,,0.27,,,,,,,,,,,,,,,,,,2
,,,,,,,,,,,,0.37,,1.76,,,0.45,,,,,0.17,,,,,,,,,,,,,,,,,,1
,,,,,,,,,,,,2.38,,2.66,,,-0.39,,,,,1.47,,,,,,,,,,,,,,,,,,0
,,,,,,,,,,,,4.97,,3.96,,,3.93,,,,,1.31,,,,,,,,,,,,,,,,,,0
,,,,,,,,,,,,1.89,,3.84,,,1.79,,,,,0.19,,,,,,,,,,,,,,,,,,2
,,,,,,,,,,,,0.54,,2.2,,,-0.34,,,,,-0.34,,,,,,,,,,,,,,,,,,0
,,,,,,,,,,,,3.98,,2.38,,,1.2,,,,,1.0,,,,,,,,,,,,,,,,,,2
,,,,,,,,,,,,0.78,,0.3,,,-0.61,,,,,-0.17,,,,,,,,,,,,,,,,,,1
,,,,,,,,,,,,1.37,,3.47,,,1.9,,,,,1.13,,,,,,,,,,,,,,,,,,0
,,,,,,,,,,,,1.01,,2.58,,,2.33,,,,,0.36,,,,,,,,,,,,,,,,,,0
,,,,,,,,,,,,2.24,,3.39,,,-0.12,,,,,0.64,,,,,,,,,,,,,,,,,,2
,,,,,,,,,,,,1.42,,2.77,,,-0.56,,,,,-0.08,,,,,,,,,,,,,,,,,,0
,,,,,,,,,,,,-0.89,,0.46,,,0.18,,,,,-0.53,,,,,,,,,,,,,,,,,,1
,,,,,,,,,,,,3.1,,3.08,,,-0.46,,,,,0.23,,,,,,,,,,,,,,,,,,2
,,,,,,,,,,,,1.7,,-0.15,,,-0.58,,,,,-0.16,,,,,,,,,,,,,,,,,,1
,,,,,,,,,,,,2.65,,3.15,,,1.18,,,,,0.33,,,,,,,,,,,,,,,,,,0
,,,,,,,,,,,,0.51,,4.89,,,0.7,,,,,-0.35,,,,,,,,,,,,,,,,,,0
,,,,,,,,,,,,1.04,,1.07,,,-0.18,,,,,-0.86,,,,,,,,,,,,,,,,,,1
,,,,,,,,,,,,0.39,,3.27,,,2.72,,,,,-0.08,,,,,,,,,,,,,,,,,,0
,,,,,,,,,,,,3.22,,3.07,,,1.07,,,,,-0.8,,,,,,,,,,,,,,,,,,0
,,,,,,,,,,,,2.89,,0.82,,,0.26,,,,,-2.45,,,,,,,,,,,,,,,,,,1
,,,,,,,,,,,,2.07,,4.98,,,0.47,,,,,0.66,,,,,,,,,,,,,,,,,,2
,,,,,,,,,,,,3.0,,0.58,,,0.13,,,,,1.7,,,,,,,,,,,,,,,,,,1
,,,,,,,,,,,,0.62,,-1.16,,,0.29,,,,,2.03,,,,,,,,,,,,,,,,,,0
,,,,,,,,,,,,2.36,,3.02,,,1.19,,,,,-0.14,,,,,,,,,,,,,,,,,,2
,,,,,,,,,,,,2.95,,-0.05,,,-3.63,,,,,0.3,,,,,,,,,,,,,,,,,,1
,,,,,,,,,,,,2.84,,3.9,,,2.59,,,,,1.76,,,,,,,,,,,,,,,,,,0
,,,,,,,,,,,,4.45,,4.74,,,1.16,,,,,-0.68,,,,,,,,,,,,,,,,,,2
,,,,,,,,,,,,1.9,,5.47,,,0.5,,,,,-0.75,,,,,,,,,,,,,,,,,,0
,,,,,,,,,,,,1.21,,-1.8,,,-0.44,,,,,0.13,,,,,,,,,,,,,,,,,,1
,,,,,,,,,,,,4.34,,2.43,,,0.98,,,,,0.7,,,,,,,,,,,,,,,,,,2
,,,,,,,,,,,,2.82,,1.36,,,1.2,,,,,1.06,,,,,,,,,,,,,,,,,,0
,,,,,,,,,,,,5.24,,4.05,,,-0.2,,,,,-1.27,,,,,,,,,,,,,,,,,,2
,,,,,,,,,,,,1.08,,1.82,,,1.23,,,,,0.76,,,,,,,,,,,,,,,,,,0
,,,,,,,,,,,,3.95,,6.22,,,1.83,,,,,1.0,,,,,,,,,,,,,,,,,,2
,,,,,,,,,,,,0.35,,-0.49,,,1.0,,,,,0.82,,,,,,,,,,,,,,,,,,1
,,,,,,,,,,,,2.04,,3.55,,,2.21,,,,,-0.26,,,,,,,,,,,,,,,,,,0
,,,,,,,,,,,,0.06,,0.85,,,-0.75,,,,,-0.09,,,,,,,,,,,,,,,,,,0
,,,,,,,,,,,,0.62,,0.34,,,2.75,,,,,0.14,,,,,,,,,,,,,,,,,,0
,,,,,,,,,,,,4.1,,7.15,,,3.02,,,,,0.35,,,,,,,,,,,,,,,,,,0
,,,,,,,,,,,,4.19,,2.9,,,0.2,,,,,1.0,,,,,,,,,,,,,,,,,,2
,,,,,,,,,,,,2.5,,5.37,,,2.23,,,,,-0.38,,,,,,,,,,,,,,,,,,2
,,,,,,,,,,,,1.76,,2.97,,,0.58,,,,,-0.29,,,,,,,,,,,,,,,,,,0
,,,,,,,,,,,,0.89,,0.06,,,3.03,,,,,-0.32,,,,,,,,,,,,,,,,,,1
,,,,,,,,,,,,1.53,,2.68,,,1.96,,,,,1.94,,,,,,,,,,,,,,,,,,0
,,,,,,,,,,,,-0.57,,0.14,,,1.65,,,,,-0.01,,,,,,,,,,,,,,,,,,0
,,,,,,,,,,,,0.86,,-1.05,,,0.93,,,,,1.52,,,,,,,,,,,,,,,,,,1
,,,,,,,,,,,,2.46,,2.44,,,0.91,,,,,0.82,,,,,,,,,,,,,,,,,,0
,,,,,,,,,,,,2.11,,1.18,,,0.44,,,,,-0.43,,,,,,,,,,,,,,,,,,1
,,,,,,,,,,,,1.46,,3.32,,,2.84,,,,,1.7,,,,,,,,,,,,,,,,,,0
,,,,,,,,,,,,-0.39,,0.7,,,1.49,,,,,-1.55,,,,,,,,,,,,,,,,,,0
,,,,,,,,,,,,-1.87,,1.24,,,-0.78,,,,,0.21,,,,,,,,,,,,,,,,,,0
,,,,,,,,,,,,3.76,,3.45,,,0.51,,,,,0.28,,,,,,,,,,,,,,,,,,2
,,,,,,,,,,,,2.44,,2.41,,,-1.65,,,,,-0.88,,,,,,,,,,,,,,,,,,1
,,,,,,,,,,,,5.32,,4.42,,,1.73,,,,,-0.07,,,,,,,,,,,,,,,,,,2
,,,,,,,,,,,,0.96,,0.5,,,2.02,,,,,1.17,,,,,,,,,,,,,,,,,,0
,,,,,,,,,,,,2.44,,2.17,,,0.65,,,,,0.1,,,,,,,,,,,,,,,,,,0
,,,,,,,,,,,,3.34,,3.81,,,2.11,,,,,0.48,,,,,,,,,,,,,,,,,,2
,,,,,,,,,,,,4.45,,2.74,,,1.6,,,,,0.15,,,,,,,,,,,,,,,,,,2
,,,,,,,,,,,,3.81,,3.68,,,1.77,,,,,0.16,,,,,,,,,,,,,,,,,,0
,,,,,,,,,,,,2.23,,5.61,,,1.83,,,,,0.35,,,,,,,,,,,,,,,,,,2
,,,,,,,,,,,,-0.69,,1.66,,,-0.72,,,,,-0.06,,,,,,,,,,,,,,,,,,0
,,,,,,,,,,,,4.19,,1.8,,,-0.01,,,,,0.31,,,,,,,,,,,,,,,,,,1
,,,,,,,,,,,,-0.31,,-0.22,,,2.44,,,,,-1.54,,,,,,,,,,,,,,,,,,0
,,,,,,,,,,,,3.43,,2.6,,,0.86,,,,,-0.76,,,,,,,,,,,,,,,,,,2
,,,,,,,,,,,,2.1,,3.02,,,0.39,,,,,1.13,,,,,,,,,,,,,,,,,,2
,,,,,,,,,,,,2.92,,2.42,,,0.37,,,,,-0.53,,,,,,,,,,,,,,,,,,1
,,,,,,,,,,,,0.61,,-0.18,,,-0.57,,,,,-0.03,,,,,,,,,,,,,,,,,,1
,,,,,,,,,,,,3.31,,1.48,,,-1.38,,,,,1.77,,,,,,,,,,,,,,,,,,1
,,,,,,,,,,,,0.88,,1.28,,,0.07,,,,,-1.47,,,,,,,,,,,,,,,,,,0
,,,,,,,,,,,,4.62,,3.51,,,2.72,,,,,-1.12,,,,,,,,,,,,,,,,,,2
,,,,,,,,,,,,1.26,,1.9,,,0.5,,,,,-0.84,,,,,,,,,,,,,,,,,,0
,,,,,,,,,,,,2.49,,2.51,,,-0.52,,,,,0.66,,,,,,,,,,,,,,,,,,1
,,,,,,,,,,,,1.52,,2.17,,,1.01,,,,,-0.91,,,,,,,,,,,,,,,,,,0
,,,,,,,,,,,,5.15,,2.61,,,0.18,,,,,-0.17,,,,,,,,,,,,,,,,,,2
,,,,,,,,,,,,1.52,,-0.46,,,0.18,,,,,-1.17,,,,,,,,,,,,,,,,,,1
,,,,,,,,,,,,2.91,,5.26,,,2.79,,,,,2.93,,,,,,,,,,,,,,,,,,0
,,,,,,,,,,,,0.48,,-0.08,,,-0.21,,,,,1.21,,,,,,,,,,,,,,,,,,1
,,,,,,,,,,,,-0.04,,-2.36,,,-0.77,,,,,1.22,,,,,,,,,,,,,,,,,,0
,,,,,,,,,,,,4.31,,2.37,,,-1.08,,,,,2.16,,,,,,,,,,,,,,,,,,2
,,,,,,,,,,,,4.65,,4.91,,,4.01,,,,,1.22,,,,,,,,,,,,,,,,,,2
,,,,,,,,,,,,3.46,,1.35,,,-0.8,,,,,0.9,,,,,,,,,,,,,,,,,,1
,,,,,,,,,,,,2.05,,1.31,,,0.89,,,,,0.09,,,,,,,,,,,,,,,,,,1
,,,,,,,,,,,,4.71,,2.59,,,-0.19,,,,,0.23,,,,,,,,,,,,,,,,,,1
,,,,,,,,,,,,1.76,,2.22,,,0.52,,,,,1.56,,,,,,,,,,,,,,,,,,0
,,,,,,,,,,,,2.65,,2.28,,,0.89,,,,,0.61,,,,,,,,,,,,,,,,,,1
,,,,,,,,,,,,-0.02,,2.42,,,-0.59,,,,,-0.85,,,,,,,,,,,,,,,,,,0
,,,,,,,,,,,,3.67,,1.2,,,1.16,,,,,-0.29,,,,,,,,,,,,,,,,,,2
,,,,,,,,,,,,-0.63,,0.71,,,-1.28,,,,,0.1,,,,,,,,,,,,,,,,,,1
,,,,,,,,,,,,4.4,,6.28,,,4.37,,,,,-1.12,,,,,,,,,,,,,,,,,,2
,,,,,,,,,,,,3.13,,2.6,,,0.27,,,,,-1.18,,,,,,,,,,,,,,,,,,2
,,,,,,,,,,,,3.76,,3.02,,,0.78,,,,,0.89,,,,,,,,,,,,,,,,,,1
,,,,,,,,,,,,3.91,,3.69,,,0.85,,,,,-1.13,,,,,,,,,,,,,,,,,,2
,,,,,,,,,,,,4.16,,5.07,,,3.55,,,,,-0.81,,,,,,,,,,,,,,,,,,2
,,,,,,,,,,,,2.45,,2.73,,,3.19,,,,,0.51,,,,,,,,,,,,,,,,,,0
,,,,,,,,,,,,0.9,,0.71,,,-0.27,,,,,-0.96,,,,,,,,,,,,,,,,,,1
,,,,,,,,,,,,2.22,,1.9,,,0.45,,,,,0.84,,,,,,,,,,,,,,,,,,1
,,,,,,,,,,,,-1.55,,-0.8,,,0.84,,,,,-0.74,,,,,,,,,,,,,,,,,,1
,,,,,,,,,,,,2.04,,1.07,,,0.38,,,,,-0.2,,,,,,,,,,,,,,,,,,1
,,,,,,,,,,,,3.55,,1.66,,,2.0,,,,,-0.64,,,,,,,,,,,,,,,,,,2
,,,,,,,,,,,,2.7,,-0.81,,,-1.07,,,,,2.15,,,,,,,,,,,,,,,,,,1
,,,,,,,,,,,,1.42,,0.58,,,-0.56,,,,,-0.37,,,,,,,,,,,,,,,,,,1
,,,,,,,,,,,,-0.91,,1.0,,,-0.2,,,,,0.74,,,,,,,,,,,,,,,,,,1
,,,,,,,,,,,,2.85,,2.3,,,1.53,,,,,0.73,,,,,,,,,,,,,,,,,,0
,,,,,,,,,,,,-1.62,,-0.19,,,-0.44,,,,,0.84,,,,,,,,,,,,,,,,,,0
,,,,,,,,,,,,4.74,,5.39,,,1.9,,,,,-0.47,,,,,,,,,,,,,,,,,,2
,,,,,,,,,,,,2.84,,2.01,,,2.27,,,,,0.01,,,,,,,,,,,,,,,,,,0
,,,,,,,,,,,,0.71,,1.75,,,-1.46,,,,,0.4,,,,,,,,,,,,,,,,,,1
,,,,,,,,,,,,0.71,,2.17,,,-0.21,,,,,0.57,,,,,,,,,,,,,,,,,,1
,,,,,,,,,,,,3.28,,1.43,,,-0.57,,,,,0.2,,,,,,,,,,,,,,,,,,1
,,,,,,,,,,,,0.69,,1.56,,,0.62,,,,,0.36,,,,,,,,,,,,,,,,,,0
,,,,,,,,,,,,1.83,,0.82,,,0.39,,,,,0.77,,,,,,,,,,,,,,,,,,1
,,,,,,,,,,,,1.09,,0.58,,,-0.12,,,,,-0.73,,,,,,,,,,,,,,,,,,0
,,,,,,,,,,,,1.09,,0.39,,,-0.92,,,,,1.43,,,,,,,,,,,,,,,,,,1
,,,,,,,,,,,,3.79,,3.65,,,0.09,,,,,0.52,,,,,,,,,,,,,,,,,,2
,,,,,,,,,,,,0.44,,1.07,,,-0.47,,,,,-1.58,,,,,,,,,,,,,,,,,,1
,,,,,,,,,,,,2.51,,5.13,,,3.58,,,,,0.3,,,,,,,,,,,,,,,,,,0
,,,,,,,,,,,,2.66,,5.14,,,0.98,,,,,1.03,,,,,,,,,,,,,,,,,,2
,,,,,,,,,,,,4.7,,2.61,,,1.92,,,,,-0.39,,,,,,,,,,,,,,,,,,2
,,,,,,,,,,,,3.45,,2.49,,,0.58,,,,,-1.12,,,,,,,,,,,,,,,,,,2
,,,,,,,,,,,,1.03,,0.75,,,-0.6,,,,,0.56,,,,,,,,,,,,,,,,,,1
,,,,,,,,,,,,3.38,,2.19,,,0.49,,,,,-0.09,,,,,,,,,,,,,,,,,,0
,,,,,,,,,,,,-0.4,,-0.07,,,0.91,,,,,0.31,,,,,,,,,,,,,,,,,,0
,,,,,,,,,,,,2.4,,1.94,,,0.01,,,,,0.02,,,,,,,,,,,,,,,,,,1
,,,,,,,,,,,,2.39,,2.33,,,0.07,,,,,-0.06,,,,,,,,,,,,,,,,,,1
,,,,,,,,,,,,1.9,,0.98,,,1.96,,,,,-0.68,,,,,,,,,,,,,,,,,,0
,,,,,,,,,,,,3.59,,4.85,,,2.25,,,,,1.01,,,,,,,,,,,,,,,,,,0
,,,,,,,,,,,,3.33,,3.11,,,1.12,,,,,-0.3,,,,,,,,,,,,,,,,,,2
,,,,,,,,,,,,3.92,,2.04,,,1.44,,,,,0.46,,,,,,,,,,,,,,,,,,2
,,,,,,,,,,,,1.12,,1.84,,,2.18,,,,,0.24,,,,,,,,,,,,,,,,,,0
,,,,,,,,,,,,1.75,,0.0,,,0.85,,,,,-0.38,,,,,,,,,,,,,,,,,,0
,,,,,,,,,,,,1.36,,3.81,,,3.53,,,,,-1.14,,,,,,,,,,,,,,,,,,0
,,,,,,,,,,,,2.2,,1.62,,,1.13,,,,,0.49,,,,,,,,,,,,,,,,,,0
,,,,,,,,,,,,1.01,,0.98,,,1.03,,,,,-0.79,,,,,,,,,,,,,,,,,,0
,,,,,,,,,,,,0.08,,2.43,,,1.68,,,,,-1.37,,,,,,,,,,,,,,,,,,0
,,,,,,,,,,,,0.45,,-0.18,,,-0.22,,,,,0.89,,,,,,,,,,,,,,,,,,1
,,,,,,,,,,,,3.13,,4.89,,,1.92,,,,,-0.4,,,,,,,,,,,,,,,,,,2
,,,,,,,,,,,,4.37,,4.53,,,2.25,,,,,-0.37,,,,,,,,,,,,,,,,,,0
,,,,,,,,,,,,1.77,,1.28,,,-1.01,,,,,0.04,,,,,,,,,,,,,,,,,,1
,,,,,,,,,,,,4.13,,7.05,,,1.78,,,,,1.63,,,,,,,,,,,,,,,,,,2
,,,,,,,,,,,,2.09,,-0.67,,,-0.28,,,,,0.92,,,,,,,,,,,,,,,,,,1
,,,,,,,,,,,,3.94,,5.82,,,2.52,,,,,2.0,,,,,,,,,,,,,,,,,,2
,,,,,,,,,,,,1.36,,0.8,,,-0.4,,,,,-1.35,,,,,,,,,,,,,,,,,,1
,,,,,,,,,,,,1.82,,0.75,,,-1.46,,,,,1.4,,,,,,,,,,,,,,,,,,1
,,,,,,,,,,,,-0.24,,0.58,,,-0.72,,,,,0.27,,,,,,,,,,,,,,,,,,1
,,,,,,,,,,,,4.29,,1.2,,,-1.69,,,,,0.1,,,,,,,,,,,,,,,,,,1
,,,,,,,,,,,,0.28,,-1.17,,,1.36,,,,,0.61,,,,,,,,,,,,,,,,,,1
,,,,,,,,,,,,5.1,,4.8,,,4.41,,,,,-0.92,,,,,,,,,,,,,,,,,,0
,,,,,,,,,,,,5.57,,6.09,,,1.63,,,,,-0.15,,,,,,,,,,,,,,,,,,2
,,,,,,,,,,,,0.36,,0.83,,,0.66,,,,,1.12,,,,,,,,,,,,,,,,,,1
,,,,,,,,,,,,3.85,,1.01,,,0.03,,,,,1.06,,,,,,,,,,,,,,,,,,1
,,,,,,,,,,,,3.92,,5.72,,,-0.84,,,,,-1.09,,,,,,,,,,,,,,,,,,2
,,,,,,,,,,,,1.62,,1.5,,,1.61,,,,,-0.69,,,,,,,,,,,,,,,,,,1
,,,,,,,,,,,,4.37,,2.13,,,1.77,,,,,-0.55,,,,,,,,,,,,,,,,,,2
,,,,,,,,,,,,1.15,,3.93,,,1.23,,,,,1.62,,,,,,,,,,,,,,,,,,0
,,,,,,,,,,,,3.32,,0.62,,,-0.58,,,,,1.18,,,,,,,,,,,,,,,,,,1
,,,,,,,,,,,,3.57,,3.75,,,0.23,,,,,-1.9,,,,,,,,,,,,,,,,,,2
,,,,,,,,,,,,2.98,,0.62,,,-0.27,,,,,0.33,,,,,,,,,,,,,,,,,,1
,,,,,,,,,,,,2.57,,3.01,,,0.24,,,,,1.54,,,,,,,,,,,,,,,,,,2
,,,,,,,,,,,,5.04,,2.68,,,0.17,,,,,0.08,,,,,,,,,,,,,,,,,,2
,,,,,,,,,,,,1.69,,-0.2,,,0.35,,,,,-1.29,,,,,,,,,,,,,,,,,,1
,,,,,,,,,,,,3.52,,2.84,,,0.01,,,,,-0.99,,,,,,,,,,,,,,,,,,2
,,,,,,,,,,,,1.98,,1.32,,,0.78,,,,,-0.49,,,,,,,,,,,,,,,,,,1
,,,,,,,,,,,,5.07,,3.88,,,0.58,,,,,1.21,,,,,,,,,,,,,,,,,,1
,,,,,,,,,,,,0.35,,2.62,,,0.71,,,,,1.74,,,,,,,,,,,,,,,,,,0
,,,,,,,,,,,,0.62,,0.33,,,0.07,,,,,-1.49,,,,,,,,,,,,,,,,,,1
,,,,,,,,,,,,1.65,,0.6,,,-0.1,,,,,-0.79,,,,,,,,,,,,,,,,,,0
,,,,,,,,,,,,2.98,,1.62,,,2.92,,,,,0.13,,,,,,,,,,,,,,,,,,0
,,,,,,,,,,,,0.77,,2.47,,,0.5,,,,,-2.32,,,,,,,,,,,,,,,,,,0
,,,,,,,,,,,,2.34,,2.42,,,1.59,,,,,0.74,,,,,,,,,,,,,,,,,,2
,,,,,,,,,,,,4.87,,3.44,,,2.5,,,,,0.3,,,,,,,,,,,,,,,,,,2
,,,,,,,,,,,,1.24,,4.31,,,1.84,,,,,0.1,,,,,,,,,,,,,,,,,,0
,,,,,,,,,,,,0.72,,-0.59,,,0.52,,,,,-1.76,,,,,,,,,,,,,,,,,,1
,,,,,,,,,,,,-1.58,,-1.89,,,0.93,,,,,0.95,,,,,,,,,,,,,,,,,,1
,,,,,,,,,,,,0.02,,0.64,,,1.51,,,,,-0.74,,,,,,,,,,,,,,,,,,1
,,,,,,,,,,,,3.42,,5.13,,,1.96,,,,,1.72,,,,,,,,,,,,,,,,,,2
,,,,,,,,,,,,-0.38,,0.21,,,0.36,,,,,0.09,,,,,,,,,,,,,,,,,,1
,,,,,,,,,,,,0.86,,0.71,,,1.07,,,,,-0.94,,,,,,,,,,,,,,,,,,0
,,,,,,,,,,,,1.21,,1.73,,,1.61,,,,,-1.21,,,,,,,,,,,,,,,,,,0
,,,,,,,,,,,,4.23,,3.75,,,1.18,,,,,-0.93,,,,,,,,,,,,,,,,,,0
,,,,,,,,,,,,1.89,,1.47,,,4.74,,,,,0.23,,,,,,,,,,,,,,,,,,0
,,,,,,,,,,,,2.24,,4.57,,,4.44,,,,,0.09,,,,,,,,,,,,,,,,,,0
,,,,,,,,,,,,2.19,,2.62,,,2.68,,,,,0.33,,,,,,,,,,,,,,,,,,2
,,,,,,,,,,,,0.44,,1.71,,,2.97,,,,,1.4,,,,,,,,,,,,,,,,,,0
,,,,,,,,,,,,5.03,,0.95,,,0.56,,,,,1.19,,,,,,,,,,,,,,,,,,0
,,,,,,,,,,,,2.85,,5.19,,,1.74,,,,,0.15,,,,,,,,,,,,,,,,,,2
,,,,,,,,,,,,4.4,,-0.3,,,0.76,,,,,-1.32,,,,,,,,,,,,,,,,,,1
,,,,,,,,,,,,-0.33,,0.32,,,-0.24,,,,,-0.44,,,,,,,,,,,,,,,,,,0
,,,,,,,,,,,,4.37,,3.51,,,1.48,,,,,-0.81,,,,,,,,,,,,,,,,,,2
,,,,,,,,,,,,3.42,,0.97,,,-1.18,,,,,-0.88,,,,,,,,,,,,,,,,,,1
,,,,,,,,,,,,2.79,,1.1,,,0.55,,,,,1.16,,,,,,,,,,,,,,,,,,2
,,,,,,,,,,,,2.34,,1.8,,,1.05,,,,,0.84,,,,,,,,,,,,,,,,,,1
,,,,,,,,,,,,1.67,,-0.81,,,1.01,,,,,1.08,,,,,,,,,,,,,,,,,,1
,,,,,,,,,,,,3.69,,6.05,,,2.9,,,,,0.09,,,,,,,,,,,,,,,,,,0
,,,,,,,,,,,,1.18,,1.03,,,-0.45,,,,,0.25,,,,,,,,,,,,,,,,,,1
,,,,,,,,,,,,1.14,,-0.2,,,-0.84,,,,,-0.5,,,,,,,,,,,,,,,,,,1
,,,,,,,,,,,,2.51,,4.34,,,3.98,,,,,0.2,,,,,,,,,,,,,,,,,,2
,,,,,,,,,,,,4.65,,4.21,,,3.6,,,,,0.41,,,,,,,,,,,,,,,,,,0
,,,,,,,,,,,,4.51,,2.81,,,0.25,,,,,-0.63,,,,,,,,,,,,,,,,,,2
,,,,,,,,,,,,1.85,,3.99,,,1.62,,,,,0.0,,,,,,,,,,,,,,,,,,0
,,,,,,,,,,,,2.74,,6.24,,,2.09,,,,,-0.58,,,,,,,,,,,,,,,,,,2
,,,,,,,,,,,,1.39,,1.55,,,-0.06,,,,,0.79,,,,,,,,,,,,,,,,,,1
,,,,,,,,,,,,4.82,,2.66,,,2.12,,,,,-1.42,,,,,,,,,,,,,,,,,,2
,,,,,,,,,,,,4.22,,1.84,,,0.53,,,,,-1.46,,,,,,,,,,,,,,,,,,2
,,,,,,,,,,,,-0.07,,0.71,,,-1.31,,,,,1.33,,,,,,,,,,,,,,,,,,1
,,,,,,,,,,,,2.58,,0.93,,,-1.15,,,,,0.21,,,,,,,,,,,,,,,,,,1
,,,,,,,,,,,,3.36,,3.65,,,3.58,,,,,-0.04,,,,,,,,,,,,,,,,,,0
,,,,,,,,,,,,1.42,,0.8,,,-1.29,,,,,-0.3,,,,,,,,,,,,,,,,,,1
,,,,,,,,,,,,-0.95,,1.19,,,-0.93,,,,,1.0,,,,,,,,,,,,,,,,,,1
,,,,,,,,,,,,3.88,,3.32,,,1.49,,,,,0.66,,,,,,,,,,,,,,,,,,1
,,,,,,,,,,,,2.56,,0.94,,,1.27,,,,,0.96,,,,,,,,,,,,,,,,,,1
,,,,,,,,,,,,2.54,,1.94,,,-0.85,,,,,-0.34,,,,,,,,,,,,,,,,,,1
,,,,,,,,,,,,1.28,,2.77,,,1.95,,,,,-1.16,,,,,,,,,,,,,,,,,,0
,,,,,,,,,,,,2.64,,5.48,,,3.06,,,,,1.31,,,,,,,,,,,,,,,,,,2
,,,,,,,,,,,,5.47,,4.95,,,2.36,,,,,-0.11,,,,,,,,,,,,,,,,,,2
,,,,,,,,,,,,2.7,,2.72,,,2.4,,,,,-0.62,,,,,,,,,,,,,,,,,,0
,,,,,,,,,,,,2.74,,4.89,,,0.9,,,,,0.54,,,,,,,,,,,,,,,,,,0
,,,,,,,,,,,,5.76,,2.96,,,1.72,,,,,-1.58,,,,,,,,,,,,,,,,,,2
,,,,,,,,,,,,2.51,,1.82,,,0.29,,,,,0.75,,,,,,,,,,,,,,,,,,1
,,,,,,,,,,,,3.83,,5.64,,,0.72,,,,,-2.31,,,,,,,,,,,,,,,,,,2
,,,,,,,,,,,,2.05,,2.79,,,0.66,,,,,-0.3,,,,,,,,,,,,,,,,,,1
,,,,,,,,,,,,1.62,,3.91,,,1.55,,,,,0.93,,,,,,,,,,,,,,,,,,0
,,,,,,,,,,,,1.32,,1.03,,,0.52,,,,,-0.39,,,,,,,,,,,,,,,,,,1
,,,,,,,,,,,,2.21,,1.11,,,0.71,,,,,-0.08,,,,,,,,,,,,,,,,,,1
,,,,,,,,,,,,3.43,,5.62,,,3.07,,,,,0.64,,,,,,,,,,,,,,,,,,2
,,,,,,,,,,,,4.28,,5.43,,,1.39,,,,,-0.57,,,,,,,,,,,,,,,,,,2
,,,,,,,,,,,,0.93,,0.09,,,0.46,,,,,-0.55,,,,,,,,,,,,,,,,,,0
,,,,,,,,,,,,4.23,,2.49,,,-0.21,,,,,-0.78,,,,,,,,,,,,,,,,,,2
,,,,,,,,,,,,1.22,,0.92,,,-0.13,,,,,-0.45,,,,,,,,,,,,,,,,,,1
,,,,,,,,,,,,4.06,,1.97,,,1.12,,,,,-0.89,,,,,,,,,,,,,,,,,,2
,,,,,,,,,,,,4.94,,6.15,,,1.75,,,,,-0.88,,,,,,,,,,,,,,,,,,0
,,,,,,,,,,,,4.02,,0.97,,,1.77,,,,,1.08,,,,,,,,,,,,,,,,,,1
,,,,,,,,,,,,3.62,,3.92,,,0.69,,,,,2.57,,,,,,,,,,,,,,,,,,2
,,,,,,,,,,,,1.99,,2.83,,,1.43,,,,,-2.06,,,,,,,,,,,,,,,,,,0
,,,,,,,,,,,,2.56,,2.46,,,-0.13,,,,,-1.44,,,,,,,,,,,,,,,,,,1
,,,,,,,,,,,,5.96,,4.96,,,1.27,,,,,-0.69,,,,,,,,,,,,,,,,,,2
,,,,,,,,,,,,4.67,,2.0,,,-0.6,,,,,-0.12,,,,,,,,,,,,,,,,,,2
,,,,,,,,,,,,0.96,,1.03,,,-1.3,,,,,-0.7,,,,,,,,,,,,,,,,,,1
,,,,,,,,,,,,4.86,,5.06,,,3.18,,,,,-1.2,,,,,,,,,,,,,,,,,,0
,,,,,,,,,,,,1.71,,0.95,,,-0.69,,,,,0.25,,,,,,,,,,,,,,,,,,1
,,,,,,,,,,,,2.3,,3.99,,,3.42,,,,,-2.58,,,,,,,,,,,,,,,,,,0
,,,,,,,,,,,,3.72,,1.37,,,0.22,,,,,-0.48,,,,,,,,,,,,,,,,,,1
,,,,,,,,,,,,2.84,,4.49,,,0.38,,,,,0.6,,,,,,,,,,,,,,,,,,2
,,,,,,,,,,,,4.09,,4.42,,,0.9,,,,,1.37,,,,,,,,,,,,,,,,,,2
,,,,,,,,,,,,2.01,,3.98,,,-1.48,,,,,-0.41,,,,,,,,,,,,,,,,,,0
,,,,,,,,,,,,3.72,,0.85,,,1.21,,,,,-0.61,,,,,,,,,,,,,,,,,,2
,,,,,,,,,,,,3.35,,1.48,,,-0.58,,,,,1.66,,,,,,,,,,,,,,,,,,1
,,,,,,,,,,,,4.86,,2.83,,,-0.19,,,,,0.76,,,,,,,,,,,,,,,,,,2
,,,,,,,,,,,,4.34,,5.45,,,2.05,,,,,-1.01,,,,,,,,,,,,,,,,,,0
,,,,,,,,,,,,2.33,,4.3,,,0.67,,,,,-0.72,,,,,,,,,,,,,,,,,,2
,,,,,,,,,,,,0.09,,-0.17,,,0.54,,,,,-1.08,,,,,,,,,,,,,,,,,,1
,,,,,,,,,,,,1.98,,-0.35,,,-0.75,,,,,-0.26,,,,,,,,,,,,,,,,,,1
,,,,,,,,,,,,3.13,,2.14,,,1.65,,,,,0.61,,,,,,,,,,,,,,,,,,2
,,,,,,,,,,,,-0.38,,1.49,,,-0.35,,,,,-0.88,,,,,,,,,,,,,,,,,,0
,,,,,,,,,,,,0.8,,0.9,,,-1.96,,,,,-0.02,,,,,,,,,,,,,,,,,,1
,,,,,,,,,,,,2.32,,3.98,,,1.92,,,,,-1.21,,,,,,,,,,,,,,,,,,0
,,,,,,,,,,,,2.59,,3.21,,,-0.97,,,,,0.54,,,,,,,,,,,,,,,,,,2
,,,,,,,,,,,,2.79,,4.66,,,0.86,,,,,0.82,,,,,,,,,,,,,,,,,,2
,,,,,,,,,,,,4.74,,4.73,,,0.88,,,,,-0.83,,,,,,,,,,,,,,,,,,0
,,,,,,,,,,,,6.4,,4.82,,,3.07,,,,,-0.33,,,,,,,,,,,,,,,,,,0
,,,,,,,,,,,,4.36,,3.99,,,1.51,,,,,1.24,,,,,,,,,,,,,,,,,,2
,,,,,,,,,,,,3.7,,2.74,,,2.36,,,,,0.06,,,,,,,,,,,,,,,,,,2
,,,,,,,,,,,,0.3,,1.71,,,0.6,,,,,-1.21,,,,,,,,,,,,,,,,,,1
,,,,,,,,,,,,0.22,,-0.64,,,1.23,,,,,-0.91,,,,,,,,,,,,,,,,,,1
,,,,,,,,,,,,2.55,,5.18,,,1.48,,,,,-1.51,,,,,,,,,,,,,,,,,,2
,,,,,,,,,,,,0.76,,3.28,,,1.73,,,,,-1.82,,,,,,,,,,,,,,,,,,0
,,,,,,,,,,,,1.33,,0.3,,,0.87,,,,,-0.69,,,,,,,,,,,,,,,,,,1
,,,,,,,,,,,,4.59,,-0.05,,,-0.41,,,,,0.45,,,,,,,,,,,,,,,,,,2
,,,,,,,,,,,,1.81,,2.13,,,0.05,,,,,-0.74,,,,,,,,,,,,,,,,,,1
,,,,,,,,,,,,5.18,,4.97,,,1.04,,,,,0.04,,,,,,,,,,,,,,,,,,2
,,,,,,,,,,,,4.2,,6.17,,,2.44,,,,,0.45,,,,,,,,,,,,,,,,,,2
,,,,,,,,,,,,2.85,,1.79,,,0.38,,,,,-2.24,,,,,,,,,,,,,,,,,,2
,,,,,,,,,,,,0.29,,0.02,,,-1.02,,,,,-0.18,,,,,,,,,,,,,,,,,,1
,,,,,,,,,,,,5.26,,4.36,,,0.83,,,,,2.64,,,,,,,,,,,,,,,,,,2
,,,,,,,,,,,,4.45,,6.49,,,1.62,,,,,1.54,,,,,,,,,,,,,,,,,,2
,,,,,,,,,,,,3.56,,5.3,,,3.12,,,,,0.45,,,,,,,,,,,,,,,,,,2
,,,,,,,,,,,,1.35,,2.93,,,1.79,,,,,-0.47,,,,,,,,,,,,,,,,,,0
,,,,,,,,,,,,1.83,,-0.4,,,1.16,,,,,-1.29,,,,,,,,,,,,,,,,,,1
,,,,,,,,,,,,1.53,,2.16,,,0.24,,,,,0.41,,,,,,,,,,,,,,,,,,0
,,,,,,,,,,,,3.24,,5.24,,,2.78,,,,,1.47,,,,,,,,,,,,,,,,,,0
,,,,,,,,,,,,2.17,,0.58,,,0.06,,,,,-1.57,,,,,,,,,,,,,,,,,,1
,,,,,,,,,,,,5.44,,4.57,,,1.97,,,,,-0.36,,,,,,,,,,,,,,,,,,2
,,,,,,,,,,,,5.63,,2.67,,,1.33,,,,,0.58,,,,,,,,,,,,,,,,,,2
,,,,,,,,,,,,3.55,,5.23,,,2.44,,,,,0.29,,,,,,,,,,,,,,,,,,0
,,,,,,,,,,,,3.64,,3.34,,,-0.61,,,,,-1.47,,,,,,,,,,,,,,,,,,2
,,,,,,,,,,,,4.85,,2.92,,,3.26,,,,,-1.28,,,,,,,,,,,,,,,,,,2
,,,,,,,,,,,,3.1,,1.51,,,-1.69,,,,,2.1,,,,,,,,,,,,,,,,,,1
,,,,,,,,,,,,1.48,,2.5,,,0.93,,,,,-0.56,,,,,,,,,,,,,,,,,,0
,,,,,,,,,,,,1.21,,2.51,,,-0.47,,,,,-0.06,,,,,,,,,,,,,,,,,,0
,,,,,,,,,,,,0.69,,1.15,,,0.58,,,,,-1.01,,,,,,,,,,,,,,,,,,1
,,,,,,,,,,,,1.02,,0.26,,,0.36,,,,,1.84,,,,,,,,,,,,,,,,,,0
,,,,,,,,,,,,3.58,,6.15,,,2.8,,,,,-0.13,,,,,,,,,,,,,,,,,,2
,,,,,,,,,,,,1.67,,0.35,,,0.43,,,,,-0.06,,,,,,,,,,,,,,,,,,1
,,,,,,,,,,,,0.31,,1.78,,,2.22,,,,,-1.53,,,,,,,,,,,,,,,,,,0
,,,,,,,,,,,,0.27,,1.07,,,0.6,,,,,-2.06,,,,,,,,,,,,,,,,,,1
,,,,,,,,,,,,5.02,,3.16,,,-0.63,,,,,-0.07,,,,,,,,,,,,,,,,,,2
,,,,,,,,,,,,1.32,,0.81,,,-1.16,,,,,-0.23,,,,,,,,,,,,,,,,,,1
,,,,,,,,,,,,-0.09,,1.61,,,0.88,,,,,-0.46,,,,,,,,,,,,,,,,,,0
,,,,,,,,,,,,-0.04,,1.28,,,-1.8,,,,,0.47,,,,,,,,,,,,,,,,,,0
,,,,,,,,,,,,4.26,,3.71,,,1.82,,,,,-1.43,,,,,,,,,,,,,,,,,,2
,,,,,,,,,,,,1.93,,0.07,,,-1.01,,,,,-0.04,,,,,,,,,,,,,,,,,,1
,,,,,,,,,,,,1.6,,3.61,,,2.2,,,,,0.05,,,,,,,,,,,,,,,,,,0
,,,,,,,,,,,,1.64,,1.69,,,1.62,,,,,-0.46,,,,,,,,,,,,,,,,,,0
,,,,,,,,,,,,4.65,,5.02,,,3.17,,,,,0.11,,,,,,,,,,,,,,,,,,2
,,,,,,,,,,,,1.04,,6.16,,,0.72,,,,,-0.01,,,,,,,,,,,,,,,,,,0
,,,,,,,,,,,,5.92,,5.22,,,3.48,,,,,-0.19,,,,,,,,,,,,,,,,,,2
,,,,,,,,,,,,2.27,,3.52,,,1.58,,,,,-0.2,,,,,,,,,,,,,,,,,,0
,,,,,,,,,,,,0.91,,3.69,,,1.37,,,,,-0.32,,,,,,,,,,,,,,,,,,0
,,,,,,,,,,,,3.01,,3.9,,,2.21,,,,,-0.68,,,,,,,,,,,,,,,,,,0
,,,,,,,,,,,,3.16,,1.35,,,0.49,,,,,-0.94,,,,,,,,,,,,,,,,,,2
,,,,,,,,,,,,1.89,,2.44,,,1.34,,,,,-0.4,,,,,,,,,,,,,,,,,,0
,,,,,,,,,,,,2.77,,1.73,,,0.87,,,,,1.41,,,,,,,,,,,,,,,,,,2
,,,,,,,,,,,,1.36,,3.87,,,0.67,,,,,-1.28,,,,,,,,,,,,,,,,,,0
,,,,,,,,,,,,2.19,,0.02,,,0.79,,,,,-1.31,,,,,,,,,,,,,,,,,,1
,,,,,,,,,,,,1.59,,1.48,,,0.17,,,,,-1.16,,,,,,,,,,,,,,,,,,1
,,,,,,,,,,,,3.42,,6.88,,,3.72,,,,,2.43,,,,,,,,,,,,,,,,,,0
,,,,,,,,,,,,2.1,,0.71,,,1.31,,,,,-0.44,,,,,,,,,,,,,,,,,,1
,,,,,,,,,,,,3.94,,1.93,,,0.31,,,,,1.02,,,,,,,,,,,,,,,,,,1
,,,,,,,,,,,,0.37,,1.97,,,0.58,,,,,-0.87,,,,,,,,,,,,,,,,,,0
,,,,,,,,,,,,1.08,,5.62,,,2.02,,,,,-2.04,,,,,,,,,,,,,,,,,,0
,,,,,,,,,,,,4.29,,2.14,,,-1.37,,,,,-0.4,,,,,,,,,,,,,,,,,,2
,,,,,,,,,,,,0.58,,2.74,,,1.88,,,,,0.75,,,,,,,,,,,,,,,,,,0
,,,,,,,,,,,,2.5,,1.68,,,0.42,,,,,-0.89,,,,,,,,,,,,,,,,,,0
,,,,,,,,,,,,2.32,,5.37,,,0.58,,,,,-0.88,,,,,,,,,,,,,,,,,,0
,,,,,,,,,,,,0.18,,0.82,,,-0.23,,,,,-0.02,,,,,,,,,,,,,,,,,,0
,,,,,,,,,,,,3.35,,1.2,,,-0.44,,,,,-0.17,,,,,,,,,,,,,,,,,,1
,,,,,,,,,,,,3.72,,7.13,,,1.73,,,,,-0.48,,,,,,,,,,,,,,,,,,0
,,,,,,,,,,,,2.6,,0.57,,,-0.18,,,,,0.31,,,,,,,,,,,,,,,,,,1
,,,,,,,,,,,,-0.31,,-1.33,,,-1.07,,,,,0.11,,,,,,,,,,,,,,,,,,1
,,,,,,,,,,,,4.9,,6.32,,,2.35,,,,,-1.18,,,,,,,,,,,,,,,,,,2
,,,,,,,,,,,,-2.34,,-0.54,,,1.49,,,,,0.35,,,,,,,,,,,,,,,,,,0
,,,,,,,,,,,,5.42,,5.78,,,2.91,,,,,0.59,,,,,,,,,,,,,,,,,,2
,,,,,,,,,,,,5.43,,6.1,,,1.81,,,,,-0.42,,,,,,,,,,,,,,,,,,2
,,,,,,,,,,,,1.99,,1.24,,,0.91,,,,,-0.71,,,,,,,,,,,,,,,,,,1
,,,,,,,,,,,,4.68,,3.87,,,3.27,,,,,-0.68,,,,,,,,,,,,,,,,,,2
,,,,,,,,,,,,3.11,,4.66,,,3.66,,,,,-0.74,,,,,,,,,,,,,,,,,,0
,,,,,,,,,,,,1.12,,0.6,,,-0.58,,,,,-1.34,,,,,,,,,,,,,,,,,,1
,,,,,,,,,,,,5.17,,5.78,,,2.21,,,,,-0.07,,,,,,,,,,,,,,,,,,0
,,,,,,,,,,,,0.16,,-0.48,,,-0.89,,,,,0.58,,,,,,,,,,,,,,,,,,1
,,,,,,,,,,,,-1.2,,2.09,,,1.41,,,,,-1.46,,,,,,,,,,,,,,,,,,0
,,,,,,,,,,,,4.34,,5.24,,,1.79,,,,,-1.11,,,,,,,,,,,,,,,,,,2
,,,,,,,,,,,,1.77,,0.92,,,-1.34,,,,,0.9,,,,,,,,,,,,,,,,,,1
,,,,,,,,,,,,3.49,,6.0,,,1.5,,,,,0.03,,,,,,,,,,,,,,,,,,2
,,,,,,,,,,,,2.73,,3.14,,,0.32,,,,,-0.58,,,,,,,,,,,,,,,,,,0
,,,,,,,,,,,,4.51,,7.29,,,2.85,,,,,-1.99,,,,,,,,,,,,,,,,,,2
,,,,,,,,,,,,-1.64,,0.22,,,1.58,,,,,1.05,,,,,,,,,,,,,,,,,,1
,,,,,,,,,,,,4.06,,1.07,,,-1.08,,,,,-0.16,,,,,,,,,,,,,,,,,,2
,,,,,,,,,,,,2.74,,2.6,,,2.41,,,,,1.58,,,,,,,,,,,,,,,,,,1
,,,,,,,,,,,,1.22,,0.76,,,1.02,,,,,2.44,,,,,,,,,,,,,,,,,,1
,,,,,,,,,,,,-0.13,,-1.73,,,-0.58,,,,,-0.63,,,,,,,,,,,,,,,,,,1
,,,,,,,,,,,,2.89,,3.7,,,2.61,,,,,-0.06,,,,,,,,,,,,,,,,,,0
,,,,,,,,,,,,5.51,,4.51,,,1.22,,,,,-0.63,,,,,,,,,,,,,,,,,,2
,,,,,,,,,,,,2.12,,4.61,,,3.47,,,,,0.9,,,,,,,,,,,,,,,,,,2
,,,,,,,,,,,,2.88,,4.27,,,2.54,,,,,-1.48,,,,,,,,,,,,,,,,,,0
,,,,,,,,,,,,2.53,,2.27,,,-1.36,,,,,0.69,,,,,,,,,,,,,,,,,,1
,,,,,,,,,,,,3.21,,0.78,,,0.88,,,,,0.35,,,,,,,,,,,,,,,,,,1
,,,,,,,,,,,,1.75,,1.71,,,1.0,,,,,0.45,,,,,,,,,,,,,,,,,,1
,,,,,,,,,,,,2.77,,3.92,,,-1.74,,,,,-0.05,,,,,,,,,,,,,,,,,,2
,,,,,,,,,,,,4.88,,3.84,,,1.3,,,,,-1.44,,,,,,,,,,,,,,,,,,2
,,,,,,,,,,,,1.53,,3.79,,,3.18,,,,,-0.09,,,,,,,,,,,,,,,,,,0
,,,,,,,,,,,,4.25,,4.08,,,3.01,,,,,-1.27,,,,,,,,,,,,,,,,,,0
,,,,,,,,,,,,1.86,,0.35,,,1.16,,,,,-0.84,,,,,,,,,,,,,,,,,,0
,,,,,,,,,,,,3.66,,3.35,,,2.95,,,,,1.13,,,,,,,,,,,,,,,,,,0
,,,,,,,,,,,,2.27,,2.88,,,-0.87,,,,,1.13,,,,,,,,,,,,,,,,,,1
,,,,,,,,,,,,2.87,,0.74,,,1.87,,,,,0.63,,,,,,,,,,,,,,,,,,1
,,,,,,,,,,,,4.07,,1.59,,,0.93,,,,,-0.52,,,,,,,,,,,,,,,,,,0
,,,,,,,,,,,,3.78,,4.65,,,-0.08,,,,,-0.64,,,,,,,,,,,,,,,,,,2
,,,,,,,,,,,,3.75,,0.69,,,-0.15,,,,,2.84,,,,,,,,,,,,,,,,,,2
,,,,,,,,,,,,3.14,,-0.25,,,0.92,,,,,-0.05,,,,,,,,,,,,,,,,,,0
,,,,,,,,,,,,-0.03,,1.14,,,0.77,,,,,0.17,,,,,,,,,,,,,,,,,,0
,,,,,,,,,,,,3.5,,3.75,,,2.57,,,,,-0.19,,,,,,,,,,,,,,,,,,2
,,,,,,,,,,,,-0.35,,0.92,,,0.02,,,,,0.25,,,,,,,,,,,,,,,,,,0
,,,,,,,,,,,,1.15,,0.8,,,0.75,,,,,0.17,,,,,,,,,,,,,,,,,,1
,,,,,,,,,,,,1.5,,1.19,,,-0.21,,,,,0.98,,,,,,,,,,,,,,,,,,1
,,,,,,,,,,,,3.75,,4.34,,,1.88,,,,,0.73,,,,,,,,,,,,,,,,,,2
,,,,,,,,,,,,4.18,,1.42,,,0.23,,,,,-1.51,,,,,,,,,,,,,,,,,,1
,,,,,,,,,,,,3.58,,6.08,,,2.54,,,,,0.22,,,,,,,,,,,,,,,,,,2
,,,,,,,,,,,,0.74,,0.98,,,-1.31,,,,,0.82,,,,,,,,,,,,,,,,,,1
,,,,,,,,,,,,3.09,,1.35,,,-0.59,,,,,2.76,,,,,,,,,,,,,,,,,,2
,,,,,,,,,,,,3.27,,0.02,,,-0.6,,,,,0.37,,,,,,,,,,,,,,,,,,1
,,,,,,,,,,,,2.87,,6.03,,,3.36,,,,,-0.85,,,,,,,,,,,,,,,,,,2
,,,,,,,,,,,,3.89,,1.13,,,1.65,,,,,0.43,,,,,,,,,,,,,,,,,,2
,,,,,,,,,,,,1.27,,0.83,,,-0.13,,,,,0.5,,,,,,,,,,,,,,,,,,0
,,,,,,,,,,,,5.14,,5.69,,,0.65,,,,,0.11,,,,,,,,,,,,,,,,,,0
,,,,,,,,,,,,1.32,,-0.41,,,-0.81,,,,,-0.15,,,,,,,,,,,,,,,,,,0
,,,,,,,,,,,,0.7,,-1.54,,,0.82,,,,,1.04,,,,,,,,,,,,,,,,,,0
,,,,,,,,,,,,4.21,,4.94,,,2.09,,,,,0.76,,,,,,,,,,,,,,,,,,0
,,,,,,,,,,,,4.77,,4.97,,,2.44,,,,,-0.55,,,,,,,,,,,,,,,,,,0
,,,,,,,,,,,,2.4,,4.02,,,0.57,,,,,-1.71,,,,,,,,,,,,,,,,,,0
,,,,,,,,,,,,1.27,,2.15,,,-1.86,,,,,-1.25,,,,,,,,,,,,,,,,,,1
,,,,,,,,,,,,4.28,,2.08,,,-0.49,,,,,0.64,,,,,,,,,,,,,,,,,,2
,,,,,,,,,,,,0.49,,0.42,,,1.29,,,,,1.18,,,,,,,,,,,,,,,,,,1
,,,,,,,,,,,,2.27,,0.19,,,1.9,,,,,0.65,,,,,,,,,,,,,,,,,,1
,,,,,,,,,,,,1.68,,0.68,,,-0.03,,,,,0.12,,,,,,,,,,,,,,,,,,1
,,,,,,,,,,,,1.3,,1.23,,,1.14,,,,,0.22,,,,,,,,,,,,,,,,,,0
,,,,,,,,,,,,3.1,,3.7,,,1.8,,,,,0.86,,,,,,,,,,,,,,,,,,2
,,,,,,,,,,,,5.34,,1.38,,,-0.22,,,,,1.06,,,,,,,,,,,,,,,,,,1
,,,,,,,,,,,,1.58,,0.56,,,-0.07,,,,,0.32,,,,,,,,,,,,,,,,,,1
,,,,,,,,,,,,1.08,,2.61,,,2.31,,,,,-0.21,,,,,,,,,,,,,,,,,,0
,,,,,,,,,,,,4.48,,2.99,,,2.61,,,,,0.94,,,,,,,,,,,,,,,,,,2
,,,,,,,,,,,,4.29,,4.11,,,2.06,,,,,-1.14,,,,,,,,,,,,,,,,,,2
,,,,,,,,,,,,3.75,,1.17,,,1.78,,,,,-0.03,,,,,,,,,,,,,,,,,,1
,,,,,,,,,,,,3.36,,1.02,,,-0.72,,,,,-1.62,,,,,,,,,,,,,,,,,,1
,,,,,,,,,,,,2.53,,5.12,,,3.23,,,,,1.23,,,,,,,,,,,,,,,,,,2
,,,,,,,,,,,,2.79,,1.8,,,-0.13,,,,,0.52,,,,,,,,,,,,,,,,,,1
,,,,,,,,,,,,4.91,,1.48,,,0.34,,,,,1.1,,,,,,,,,,,,,,,,,,1
,,,,,,,,,,,,5.01,,3.55,,,-1.65,,,,,-0.48,,,,,,,,,,,,,,,,,,1
,,,,,,,,,,,,3.23,,3.85,,,-0.25,,,,,-0.24,,,,,,,,,,,,,,,,,,2
,,,,,,,,,,,,4.46,,6.59,,,2.89,,,,,-0.21,,,,,,,,,,,,,,,,,,2
,,,,,,,,,,,,1.42,,-0.62,,,-0.24,,,,,1.8,,,,,,,,,,,,,,,,,,1
,,,,,,,,,,,,0.44,,-1.75,,,0.17,,,,,1.27,,,,,,,,,,,,,,,,,,1
,,,,,,,,,,,,2.93,,1.5,,,1.26,,,,,-0.96,,,,,,,,,,,,,,,,,,1
,,,,,,,,,,,,3.77,,3.19,,,-0.78,,,,,-0.63,,,,,,,,,,,,,,,,,,2
,,,,,,,,,,,,3.54,,2.93,,,2.26,,,,,0.59,,,,,,,,,,,,,,,,,,2
,,,,,,,,,,,,-1.11,,0.8,,,0.56,,,,,0.52,,,,,,,,,,,,,,,,,,1
,,,,,,,,,,,,4.62,,5.35,,,2.85,,,,,-0.27,,,,,,,,,,,,,,,,,,2
,,,,,,,,,,,,-0.51,,1.77,,,0.27,,,,,-2.2,,,,,,,,,,,,,,,,,,0
,,,,,,,,,,,,1.22,,1.86,,,0.76,,,,,-0.77,,,,,,,,,,,,,,,,,,1
,,,,,,,,,,,,1.06,,0.46,,,-1.34,,,,,-1.99,,,,,,,,,,,,,,,,,,0
,,,,,,,,,,,,1.95,,1.56,,,-0.57,,,,,0.83,,,,,,,,,,,,,,,,,,1
,,,,,,,,,,,,2.72,,1.92,,,-0.54,,,,,1.62,,,,,,,,,,,,,,,,,,1
,,,,,,,,,,,,0.5,,1.99,,,0.65,,,,,-0.56,,,,,,,,,,,,,,,,,,0
,,,,,,,,,,,,-0.34,,0.51,,,1.04,,,,,1.02,,,,,,,,,,,,,,,,,,0
,,,,,,,,,,,,1.54,,3.79,,,0.83,,,,,0.93,,,,,,,,,,,,,,,,,,0
,,,,,,,,,,,,0.61,,1.15,,,1.02,,,,,-1.49,,,,,,,,,,,,,,,,,,1
,,,,,,,,,,,,4.35,,2.61,,,-1.32,,,,,1.51,,,,,,,,,,,,,,,,,,2
,,,,,,,,,,,,2.87,,1.74,,,-0.34,,,,,0.06,,,,,,,,,,,,,,,,,,1
,,,,,,,,,,,,1.1,,0.83,,,0.5,,,,,-0.91,,,,,,,,,,,,,,,,,,0
,,,,,,,,,,,,-0.16,,0.82,,,-0.16,,,,,0.78,,,,,,,,,,,,,,,,,,0
,,,,,,,,,,,,6.64,,4.17,,,2.33,,,,,0.54,,,,,,,,,,,,,,,,,,2
,,,,,,,,,,,,3.06,,6.06,,,1.49,,,,,-0.13,,,,,,,,,,,,,,,,,,0
,,,,,,,,,,,,5.22,,4.02,,,0.41,,,,,1.58,,,,,,,,,,,,,,,,,,2
,,,,,,,,,,,,6.09,,1.99,,,0.79,,,,,-1.63,,,,,,,,,,,,,,,,,,2
,,,,,,,,,,,,2.34,,1.43,,,0.91,,,,,2.18,,,,,,,,,,,,,,,,,,1
,,,,,,,,,,,,4.03,,5.81,,,4.71,,,,,0.87,,,,,,,,,,,,,,,,,,2
,,,,,,,,,,,,0.72,,1.98,,,0.68,,,,,0.6,,,,,,,,,,,,,,,,,,0
,,,,,,,,,,,,4.22,,2.73,,,1.62,,,,,0.84,,,,,,,,,,,,,,,,,,2
,,,,,,,,,,,,1.74,,2.43,,,-0.63,,,,,-1.34,,,,,,,,,,,,,,,,,,1
,,,,,,,,,,,,4.75,,7.64,,,3.74,,,,,1.72,,,,,,,,,,,,,,,,,,2
,,,,,,,,,,,,4.12,,4.56,,,0.92,,,,,-1.01,,,,,,,,,,,,,,,,,,2
,,,,,,,,,,,,1.54,,2.46,,,3.76,,,,,0.62,,,,,,,,,,,,,,,,,,0
,,,,,,,,,,,,3.53,,2.42,,,1.22,,,,,-0.14,,,,,,,,,,,,,,,,,,2
,,,,,,,,,,,,5.55,,6.53,,,2.33,,,,,-0.42,,,,,,,,,,,,,,,,,,2
,,,,,,,,,,,,5.11,,5.48,,,3.1,,,,,0.26,,,,,,,,,,,,,,,,,,2
,,,,,,,,,,,,4.73,,2.66,,,1.96,,,,,0.58,,,,,,,,,,,,,,,,,,2
,,,,,,,,,,,,2.94,,-0.27,,,0.24,,,,,1.05,,,,,,,,,,,,,,,,,,1
,,,,,,,,,,,,-0.3,,1.49,,,-0.05,,,,,-0.17,,,,,,,,,,,,,,,,,,1
,,,,,,,,,,,,0.81,,1.02,,,0.31,,,,,0.48,,,,,,,,,,,,,,,,,,0
,,,,,,,,,,,,2.42,,1.19,,,-1.32,,,,,0.98,,,,,,,,,,,,,,,,,,1
,,,,,,,,,,,,0.43,,1.66,,,0.7,,,,,0.17,,,,,,,,,,,,,,,,,,1
,,,,,,,,,,,,-0.75,,2.52,,,1.97,,,,,-0.75,,,,,,,,,,,,,,,,,,1
,,,,,,,,,,,,2.65,,-0.67,,,-1.44,,,,,0.88,,,,,,,,,,,,,,,,,,1
,,,,,,,,,,,,6.02,,4.31,,,0.48,,,,,-0.09,,,,,,,,,,,,,,,,,,2
,,,,,,,,,,,,-0.0,,0.02,,,-0.85,,,,,-0.51,,,,,,,,,,,,,,,,,,1
,,,,,,,,,,,,2.37,,4.79,,,1.59,,,,,-0.09,,,,,,,,,,,,,,,,,,0
,,,,,,,,,,,,5.65,,3.88,,,-0.33,,,,,-0.72,,,,,,,,,,,,,,,,,,2
,,,,,,,,,,,,1.39,,-0.31,,,0.57,,,,,1.86,,,,,,,,,,,,,,,,,,0
,,,,,,,,,,,,1.41,,0.16,,,-0.77,,,,,0.52,,,,,,,,,,,,,,,,,,1
,,,,,,,,,,,,3.25,,1.97,,,-1.94,,,,,-0.34,,,,,,,,,,,,,,,,,,1
,,,,,,,,,,,,1.12,,1.09,,,-0.64,,,,,-1.14,,,,,,,,,,,,,,,,,,1
,,,,,,,,,,,,1.56,,1.63,,,-0.06,,,,,-0.17,,,,,,,,,,,,,,,,,,1
,,,,,,,,,,,,3.12,,2.66,,,-0.81,,,,,0.33,,,,,,,,,,,,,,,,,,1
,,,,,,,,,,,,3.16,,6.12,,,-0.17,,,,,0.39,,,,,,,,,,,,,,,,,,2
,,,,,,,,,,,,2.25,,2.76,,,-1.2,,,,,-1.19,,,,,,,,,,,,,,,,,,1
,,,,,,,,,,,,3.88,,2.05,,,0.64,,,,,0.0,,,,,,,,,,,,,,,,,,1
,,,,,,,,,,,,-0.31,,2.4,,,1.32,,,,,0.06,,,,,,,,,,,,,,,,,,0
,,,,,,,,,,,,3.36,,4.16,,,0.51,,,,,1.97,,,,,,,,,,,,,,,,,,2
,,,,,,,,,,,,2.36,,4.94,,,0.58,,,,,1.01,,,,,,,,,,,,,,,,,,0
,,,,,,,,,,,,5.62,,3.17,,,3.07,,,,,-0.15,,,,,,,,,,,,,,,,,,2
,,,,,,,,,,,,4.29,,6.66,,,3.73,,,,,0.42,,,,,,,,,,,,,,,,,,0
,,,,,,,,,,,,4.63,,4.79,,,2.88,,,,,-0.85,,,,,,,,,,,,,,,,,,2
,,,,,,,,,,,,0.58,,2.95,,,-0.72,,,,,0.1,,,,,,,,,,,,,,,,,,1
,,,,,,,,,,,,0.96,,3.86,,,-0.55,,,,,0.07,,,,,,,,,,,,,,,,,,0
,,,,,,,,,,,,1.29,,4.07,,,2.6,,,,,2.1,,,,,,,,,,,,,,,,,,0
,,,,,,,,,,,,3.01,,0.05,,,-1.13,,,,,-0.24,,,,,,,,,,,,,,,,,,1
,,,,,,,,,,,,0.27,,-0.4,,,-1.05,,,,,-0.72,,,,,,,,,,,,,,,,,,1
,,,,,,,,,,,,3.22,,4.91,,,2.11,,,,,0.99,,,,,,,,,,,,,,,,,,2
,,,,,,,,,,,,3.56,,1.03,,,0.82,,,,,-0.09,,,,,,,,,,,,,,,,,,1
,,,,,,,,,,,,4.22,,5.24,,,2.84,,,,,-0.06,,,,,,,,,,,,,,,,,,2
,,,,,,,,,,,,4.44,,5.43,,,3.69,,,,,0.57,,,,,,,,,,,,,,,,,,2
,,,,,,,,,,,,3.46,,3.21,,,1.3,,,,,0.8,,,,,,,,,,,,,,,,,,0
,,,,,,,,,,,,4.16,,4.67,,,1.74,,,,,0.91,,,,,,,,,,,,,,,,,,2
,,,,,,,,,,,,4.98,,2.02,,,-1.09,,,,,-0.1,,,,,,,,,,,,,,,,,,2
,,,,,,,,,,,,0.13,,-0.22,,,-0.46,,,,,-1.57,,,,,,,,,,,,,,,,,,1
,,,,,,,,,,,,1.72,,4.25,,,2.05,,,,,2.09,,,,,,,,,,,,,,,,,,0
,,,,,,,,,,,,2.5,,7.5,,,2.9,,,,,0.98,,,,,,,,,,,,,,,,,,2
,,,,,,,,,,,,1.69,,0.96,,,-0.85,,,,,-1.5,,,,,,,,,,,,,,,,,,1
,,,,,,,,,,,,2.58,,4.03,,,3.08,,,,,1.01,,,,,,,,,,,,,,,,,,0
,,,,,,,,,,,,2.22,,-0.69,,,-1.65,,,,,0.12,,,,,,,,,,,,,,,,,,1
,,,,,,,,,,,,4.78,,6.86,,,2.85,,,,,-0.55,,,,,,,,,,,,,,,,,,2
,,,,,,,,,,,,1.4,,2.49,,,1.5,,,,,0.12,,,,,,,,,,,,,,,,,,0
,,,,,,,,,,,,1.2,,2.8,,,0.45,,,,,0.58,,,,,,,,,,,,,,,,,,1
,,,,,,,,,,,,3.18,,2.45,,,-2.28,,,,,1.16,,,,,,,,,,,,,,,,,,1
,,,,,,,,,,,,0.85,,2.16,,,2.79,,,,,0.86,,,,,,,,,,,,,,,,,,1
,,,,,,,,,,,,4.23,,1.59,,,-0.8,,,,,-0.62,,,,,,,,,,,,,,,,,,1
,,,,,,,,,,,,4.35,,2.99,,,1.56,,,,,-0.46,,,,,,,,,,,,,,,,,,0
,,,,,,,,,,,,6.54,,6.26,,,3.24,,,,,0.07,,,,,,,,,,,,,,,,,,2
,,,,,,,,,,,,0.52,,-1.95,,,-0.42,,,,,-1.02,,,,,,,,,,,,,,,,,,1
,,,,,,,,,,,,2.47,,3.07,,,0.31,,,,,-0.34,,,,,,,,,,,,,,,,,,1
,,,,,,,,,,,,-0.51,,1.38,,,2.52,,,,,-0.2,,,,,,,,,,,,,,,,,,0
,,,,,,,,,,,,5.24,,6.72,,,3.47,,,,,-0.78,,,,,,,,,,,,,,,,,,0
,,,,,,,,,,,,3.14,,2.94,,,0.77,,,,,-0.28,,,,,,,,,,,,,,,,,,0
,,,,,,,,,,,,1.87,,2.82,,,2.03,,,,,0.44,,,,,,,,,,,,,,,,,,0
,,,,,,,,,,,,3.81,,2.92,,,0.76,,,,,0.09,,,,,,,,,,,,,,,,,,2
,,,,,,,,,,,,3.81,,1.72,,,1.16,,,,,0.72,,,,,,,,,,,,,,,,,,2
,,,,,,,,,,,,3.16,,1.84,,,1.34,,,,,0.41,,,,,,,,,,,,,,,,,,0
,,,,,,,,,,,,3.45,,3.8,,,2.05,,,,,0.28,,,,,,,,,,,,,,,,,,0
,,,,,,,,,,,,3.32,,3.93,,,0.98,,,,,2.18,,,,,,,,,,,,,,,,,,0
,,,,,,,,,,,,1.89,,1.15,,,-1.43,,,,,-0.73,,,,,,,,,,,,,,,,,,1
,,,,,,,,,,,,2.38,,4.23,,,2.17,,,,,-0.0,,,,,,,,,,,,,,,,,,0
,,,,,,,,,,,,2.68,,2.22,,,0.94,,,,,-2.01,,,,,,,,,,,,,,,,,,0
,,,,,,,,,,,,2.82,,-1.09,,,0.08,,,,,2.36,,,,,,,,,,,,,,,,,,1
,,,,,,,,,,,,1.82,,1.26,,,-0.75,,,,,-0.99,,,,,,,,,,,,,,,,,,2
,,,,,,,,,,,,2.79,,2.7,,,1.14,,,,,0.7,,,,,,,,,,,,,,,,,,1
,,,,,,,,,,,,2.53,,2.15,,,0.5,,,,,0.02,,,,,,,,,,,,,,,,,,0
,,,,,,,,,,,,3.26,,1.25,,,0.44,,,,,0.45,,,,,,,,,,,,,,,,,,1
,,,,,,,,,,,,0.45,,0.38,,,0.12,,,,,0.66,,,,,,,,,,,,,,,,,,1
,,,,,,,,,,,,1.49,,1.56,,,1.31,,,,,0.04,,,,,,,,,,,,,,,,,,0
,,,,,,,,,,,,6.09,,5.76,,,1.15,,,,,-1.81,,,,,,,,,,,,,,,,,,2
,,,,,,,,,,,,4.8,,1.44,,,-0.21,,,,,-0.55,,,,,,,,,,,,,,,,,,2
,,,,,,,,,,,,3.04,,4.55,,,1.55,,,,,-0.1,,,,,,,,,,,,,,,,,,0
,,,,,,,,,,,,3.12,,6.05,,,2.73,,,,,0.01,,,,,,,,,,,,,,,,,,0
,,,,,,,,,,,,6.31,,1.96,,,1.07,,,,,-0.99,,,,,,,,,,,,,,,,,,2
,,,,,,,,,,,,5.61,,4.53,,,2.78,,,,,-0.6,,,,,,,,,,,,,,,,,,2
,,,,,,,,,,,,4.63,,2.89,,,1.26,,,,,1.73,,,,,,,,,,,,,,,,,,2
,,,,,,,,,,,,1.47,,4.45,,,3.14,,,,,-1.63,,,,,,,,,,,,,,,,,,0
,,,,,,,,,,,,4.42,,2.94,,,-0.36,,,,,-1.67,,,,,,,,,,,,,,,,,,2
,,,,,,,,,,,,0.68,,2.08,,,0.24,,,,,1.99,,,,,,,,,,,,,,,,,,1
,,,,,,,,,,,,4.78,,3.68,,,2.06,,,,,1.07,,,,,,,,,,,,,,,,,,2
,,,,,,,,,,,,4.89,,3.22,,,-0.73,,,,,-2.49,,,,,,,,,,,,,,,,,,2
,,,,,,,,,,,,4.12,,1.66,,,-0.75,,,,,0.73,,,,,,,,,,,,,,,,,,1
,,,,,,,,,,,,1.41,,5.05,,,2.16,,,,,1.29,,,,,,,,,,,,,,,,,,0
,,,,,,,,,,,,6.16,,4.55,,,0.7,,,,,1.75,,,,,,,,,,,,,,,,,,2
,,,,,,,,,,,,5.2,,3.97,,,0.82,,,,,0.08,,,,,,,,,,,,,,,,,,2
,,,,,,,,,,,,4.92,,3.08,,,2.66,,,,,-0.5,,,,,,,,,,,,,,,,,,2
,,,,,,,,,,,,0.98,,4.15,,,1.89,,,,,-2.08,,,,,,,,,,,,,,,,,,2
,,,,,,,,,,,,1.78,,2.12,,,2.46,,,,,0.32,,,,,,,,,,,,,,,,,,0
,,,,,,,,,,,,0.31,,1.91,,,-0.16,,,,,-0.17,,,,,,,,,,,,,,,,,,0
,,,,,,,,,,,,3.47,,3.2,,,0.55,,,,,-0.73,,,,,,,,,,,,,,,,,,2
,,,,,,,,,,,,2.7,,1.9,,,0.83,,,,,-0.46,,,,,,,,,,,,,,,,,,0
,,,,,,,,,,,,0.49,,1.26,,,1.24,,,,,-0.78,,,,,,,,,,,,,,,,,,0
,,,,,,,,,,,,4.82,,5.92,,,2.33,,,,,0.39,,,,,,,,,,,,,,,,,,0
,,,,,,,,,,,,1.27,,4.12,,,2.56,,,,,0.09,,,,,,,,,,,,,,,,,,0
,,,,,,,,,,,,2.02,,2.26,,,-1.04,,,,,0.86,,,,,,,,,,,,,,,,,,1
,,,,,,,,,,,,2.55,,1.51,,,1.54,,,,,1.02,,,,,,,,,,,,,,,,,,0
,,,,,,,,,,,,4.65,,1.52,,,-0.04,,,,,0.83,,,,,,,,,,,,,,,,,,1
,,,,,,,,,,,,6.2,,3.7,,,2.19,,,,,-1.04,,,,,,,,,,,,,,,,,,0
,,,,,,,,,,,,4.51,,4.11,,,1.45,,,,,0.27,,,,,,,,,,,,,,,,,,2
,,,,,,,,,,,,2.96,,1.51,,,0.43,,,,,-1.04,,,,,,,,,,,,,,,,,,1
,,,,,,,,,,,,2.18,,0.55,,,0.68,,,,,0.08,,,,,,,,,,,,,,,,,,0
,,,,,,,,,,,,-0.31,,0.12,,,0.63,,,,,-1.47,,,,,,,,,,,,,,,,,,0
,,,,,,,,,,,,5.41,,1.14,,,-0.42,,,,,1.61,,,,,,,,,,,,,,,,,,2
,,,,,,,,,,,,1.79,,3.23,,,-0.68,,,,,-0.07,,,,,,,,,,,,,,,,,,2
,,,,,,,,,,,,5.7,,7.0,,,3.0,,,,,-0.44,,,,,,,,,,,,,,,,,,2
